Date,Open,High,Low,Close,Volume,EMA_50,EMA_200,RSI_14,MACD_12_26_9,MACDh_12_26_9,MACDs_12_26_9,BBL_20_2.0,BBM_20_2.0,BBU_20_2.0,BBB_20_2.0,BBP_20_2.0,ADX_14,DMP_14,DMN_14,ATRr_14
2024-03-22,0.6319,0.6427,0.5987,0.6147,138778065.1,0.52917,0.4254335,33.72557761566028,-0.06438573953945903,0.012754479186894235,-0.05624107403919634,0.5528717385843682,0.61778,0.6826882614156318,21.013390338188927,0.25673358590071116,48.34125281260082,9.072990122447825,26.174872735926577,0.03232983405500848
2024-03-23,0.6147,0.6394,0.6103,0.6232,79575095.9,0.52917,0.4254335,33.72557761566028,-0.06438573953945903,0.012754479186894235,-0.05624107403919634,0.5528717385843682,0.61778,0.6826882614156318,21.013390338188927,0.25673358590071116,48.34125281260082,9.072990122447825,26.174872735926577,0.03232983405500848
2024-03-24,0.6231,0.6482,0.6224,0.6468,80674633.1,0.52917,0.4254335,33.72557761566028,-0.06438573953945903,0.012754479186894235,-0.05624107403919634,0.5528717385843682,0.61778,0.6826882614156318,21.013390338188927,0.25673358590071116,48.34125281260082,9.072990122447825,26.174872735926577,0.03232983405500848
2024-03-25,0.6469,0.6684,0.6379,0.6567,129205089.7,0.52917,0.4254335,33.72557761566028,-0.06438573953945903,0.012754479186894235,-0.05624107403919634,0.5528717385843682,0.61778,0.6826882614156318,21.013390338188927,0.25673358590071116,48.34125281260082,9.072990122447825,26.174872735926577,0.03232983405500848
2024-03-26,0.6566,0.6837,0.6517,0.665,128211683.4,0.52917,0.4254335,33.72557761566028,-0.06438573953945903,0.012754479186894235,-0.05624107403919634,0.5528717385843682,0.61778,0.6826882614156318,21.013390338188927,0.25673358590071116,48.34125281260082,9.072990122447825,26.174872735926577,0.03232983405500848
2024-03-27,0.665,0.671,0.6301,0.6478,141784476.2,0.52917,0.4254335,33.72557761566028,-0.06438573953945903,0.012754479186894235,-0.05624107403919634,0.5528717385843682,0.61778,0.6826882614156318,21.013390338188927,0.25673358590071116,48.34125281260082,9.072990122447825,26.174872735926577,0.03232983405500848
2024-03-28,0.6478,0.658,0.6352,0.6511,92872752.8,0.52917,0.4254335,33.72557761566028,-0.06438573953945903,0.012754479186894235,-0.05624107403919634,0.5528717385843682,0.61778,0.6826882614156318,21.013390338188927,0.25673358590071116,48.34125281260082,9.072990122447825,26.174872735926577,0.03232983405500848
2024-03-29,0.6511,0.6678,0.635,0.6643,129589892.2,0.52917,0.4254335,33.72557761566028,-0.06438573953945903,0.012754479186894235,-0.05624107403919634,0.5528717385843682,0.61778,0.6826882614156318,21.013390338188927,0.25673358590071116,48.34125281260082,9.072990122447825,26.174872735926577,0.03232983405500848
2024-03-30,0.6643,0.6691,0.6416,0.6436,89397036.8,0.52917,0.4254335,33.72557761566028,-0.06438573953945903,0.012754479186894235,-0.05624107403919634,0.5528717385843682,0.61778,0.6826882614156318,21.013390338188927,0.25673358590071116,48.34125281260082,9.072990122447825,26.174872735926577,0.03232983405500848
2024-03-31,0.6435,0.6535,0.6418,0.6501,61338789.9,0.52917,0.4254335,33.72557761566028,-0.06438573953945903,0.012754479186894235,-0.05624107403919634,0.5528717385843682,0.61778,0.6826882614156318,21.013390338188927,0.25673358590071116,48.34125281260082,9.072990122447825,26.174872735926577,0.03232983405500848
2024-04-01,0.6501,0.6515,0.605,0.6212,156775712.2,0.52917,0.4254335,33.72557761566028,-0.06438573953945903,0.012754479186894235,-0.05624107403919634,0.5528717385843682,0.61778,0.6826882614156318,21.013390338188927,0.25673358590071116,48.34125281260082,9.072990122447825,26.174872735926577,0.03232983405500848
2024-04-02,0.6211,0.6214,0.5723,0.5807,194496435.1,0.52917,0.4254335,33.72557761566028,-0.06438573953945903,0.012754479186894235,-0.05624107403919634,0.5528717385843682,0.61778,0.6826882614156318,21.013390338188927,0.25673358590071116,48.34125281260082,9.072990122447825,26.174872735926577,0.03232983405500848
2024-04-03,0.5807,0.595,0.5622,0.5693,117116217.3,0.52917,0.4254335,33.72557761566028,-0.06438573953945903,0.012754479186894235,-0.05624107403919634,0.5528717385843682,0.61778,0.6826882614156318,21.013390338188927,0.25673358590071116,48.34125281260082,9.072990122447825,26.174872735926577,0.03232983405500848
2024-04-04,0.5693,0.5967,0.5588,0.5831,134498067.6,0.52917,0.4254335,33.72557761566028,-0.06438573953945903,0.012754479186894235,-0.05624107403919634,0.5528717385843682,0.61778,0.6826882614156318,21.013390338188927,0.25673358590071116,48.34125281260082,9.072990122447825,26.174872735926577,0.03232983405500848
2024-04-05,0.5831,0.5849,0.5593,0.5741,106755812.6,0.52917,0.4254335,33.72557761566028,-0.06438573953945903,0.012754479186894235,-0.05624107403919634,0.5528717385843682,0.61778,0.6826882614156318,21.013390338188927,0.25673358590071116,48.34125281260082,9.072990122447825,26.174872735926577,0.03232983405500848
2024-04-06,0.5741,0.5896,0.5714,0.5836,50089819.8,0.52917,0.4254335,38.14757747053013,-0.06438573953945903,0.012754479186894235,-0.05624107403919634,0.5528717385843682,0.61778,0.6826882614156318,21.013390338188927,0.25673358590071116,48.34125281260082,10.12585065169398,24.529706187575602,0.030825642644624215
2024-04-07,0.5837,0.5972,0.5817,0.5892,71643798.6,0.52917,0.4254335,40.66098110759374,-0.06438573953945903,0.012754479186894235,-0.05624107403919634,0.5528717385843682,0.61778,0.6826882614156318,21.013390338188927,0.25673358590071116,48.34125281260082,12.246412891006605,23.192734409871356,0.029249362879445028
2024-04-08,0.5893,0.6166,0.5793,0.6137,112868465.7,0.52917,0.4254335,50.19620145786704,-0.06438573953945903,0.012754479186894235,-0.05624107403919634,0.5528717385843682,0.61778,0.6826882614156318,21.013390338188927,0.25673358590071116,48.34125281260082,17.16798642825545,20.322201885986427,0.030052163462477733
2024-04-09,0.6137,0.6242,0.5903,0.5912,140670945.7,0.52917,0.4254335,43.31273640704949,-0.06438573953945903,0.012754479186894235,-0.05624107403919634,0.5528717385843682,0.61778,0.6826882614156318,21.013390338188927,0.25673358590071116,48.34125281260082,17.735347480593955,18.126379829591045,0.030425309037485863
2024-04-10,0.5912,0.5941,0.5572,0.5862,146079444.2,0.52917,0.4254335,41.936476783245176,-0.06438573953945903,0.012754479186894235,-0.05624107403919634,0.5528717385843682,0.61778,0.6826882614156318,21.013390338188927,0.25673358590071116,48.34125281260082,15.741532953902873,26.172926765520184,0.03103755399989052
2024-04-11,0.5862,0.5945,0.5755,0.5858,80939649.6,0.52917,0.4254335,41.82198769763954,-0.06438573953945903,0.012754479186894235,-0.05624107403919634,0.5499469204977279,0.616335,0.6827230795022721,21.542855590635646,0.2700264849583807,48.34125281260082,14.941349439115566,24.637085597458515,0.029925020446625955
2024-04-12,0.5858,0.5924,0.45,0.5027,446034030.9,0.52917,0.4254335,25.963515216160644,-0.06438573953945903,0.012754479186894235,-0.05624107403919634,0.5276339357492147,0.61031,0.6929860642507853,27.093137667999976,-0.15079295304612791,48.34125281260082,10.139176699107896,45.04445617864266,0.040106429592571824
2024-04-13,0.5027,0.5164,0.3994,0.4449,475184725.6,0.52917,0.4254335,20.22029294742421,-0.06438573953945903,0.012754479186894235,-0.05624107403919634,0.4923563652042638,0.6002149999999999,0.708073634795736,35.93999976532947,-0.21999335191909838,48.34125281260082,7.894180688055751,44.646658203246986,0.04693654726900194
2024-04-14,0.4448,0.4778,0.4322,0.4673,362259711.3,0.52917,0.4254335,26.9630800332848,-0.06438573953945903,0.012754479186894235,-0.05624107403919634,0.47170748532500373,0.5907450000000001,0.7097825146749964,40.300811576905886,-0.018513009688741092,48.34125281260082,7.222922634394823,40.850263102572214,0.04681985770521826
2024-04-15,0.4673,0.4952,0.4388,0.461,269902887.3,0.52917,0.4254335,26.290078420236007,-0.06438573953945903,0.012754479186894235,-0.05624107403919634,0.45398370299337176,0.580545,0.7071062970066282,43.60085678341153,0.027718967696186,48.34125281260082,9.626808545277356,36.69422852007754,0.047643195463561834
2024-04-16,0.461,0.4781,0.4391,0.4583,171457504.8,0.52917,0.4254335,25.990664569469516,-0.06438573953945903,0.012754479186894235,-0.05624107403919634,0.4378679714869178,0.57107,0.7042720285130821,46.649982843813255,0.07669563572402911,48.34125281260082,8.948823051505777,34.10997076479512,0.046911007550480326
2024-04-17,0.4583,0.4651,0.4272,0.444,186425966.0,0.52917,0.4254335,24.405327544297627,-0.06592937549021505,0.012754479186894235,-0.05624107403919634,0.42192640861007363,0.560715,0.6995035913899263,49.504147879021026,0.07952235543594015,48.34125281260082,8.33452622631113,33.923834674141965,0.046157668709638125
2024-04-18,0.4441,0.461,0.4343,0.458,132581719.0,0.52917,0.4254335,28.97309306866988,-0.06527063584490744,0.012754479186894235,-0.05624107403919634,0.4132840636541473,0.5504,0.6875159363458527,49.82410477683601,0.16305885930379382,48.34125281260082,7.921952724540845,32.24454602773961,0.04455053189140477
2024-04-19,0.458,0.4758,0.4227,0.4682,213036756.4,0.52917,0.4254335,32.18805357574659,-0.0631970291616048,0.012754479186894235,-0.05624107403919634,0.4070668237592471,0.54163,0.6761931762407528,49.68822858436677,0.2271541812129081,48.47015472879298,9.834305191281908,29.153669973604647,0.045248889426027276
2024-04-20,0.4681,0.5083,0.4643,0.5072,177539872.5,0.52917,0.4254335,42.8413460735297,-0.05774110336515287,0.012754479186894235,-0.05624107403919634,0.40883874617602045,0.534485,0.6601312538239795,47.01582039682293,0.39142135491670077,46.43633513543672,14.879772326873429,26.856380886861643,0.04514791035234689
2024-04-21,0.5073,0.5126,0.4874,0.4993,97169818.8,0.52917,0.4254335,41.421786463518174,-0.053438698785423844,0.012754479186894235,-0.05624107403919634,0.4084646749014209,0.52839,0.6483153250985791,45.392730785434665,0.37871619286381797,44.4172500456702,14.980986456176936,25.61160338079022,0.04355008212394943
2024-04-22,0.4994,0.5225,0.4948,0.5167,109611168.0,0.52917,0.4254335,45.69028275358323,-0.04807084677810991,0.012754479186894235,-0.05624107403919634,0.40762645292863997,0.52519,0.6427535470713601,44.769910726160084,0.46389186864680665,42.08560575644985,16.060725563307912,24.2794710265554,0.04229140463218924
2024-04-23,0.5167,0.5217,0.497,0.5,114960663.5,0.52917,0.4254335,42.49007488859468,-0.044649642535592005,0.012754479186894235,-0.05624107403919634,0.4054884674467623,0.521725,0.6379615325532377,44.558544272648504,0.406548313500105,40.032523446525786,15.296696086259166,23.124465203293042,0.04090550963807136
2024-04-24,0.4999,0.5109,0.4688,0.4746,160604995.8,0.52917,0.4254335,38.117107773320924,-0.04348659485230211,0.012754479186894235,-0.05624107403919634,0.4019147561964399,0.5163,0.6306852438035601,44.30960441741626,0.3177212435215262,39.187912741633255,14.068253237437364,26.646674263333548,0.040998927595952625
2024-04-25,0.4747,0.48,0.4624,0.4705,91924876.1,0.52917,0.4254335,37.447157762067214,-0.04240686695397167,0.011067365668179743,-0.05347423262215141,0.39830149797129966,0.51112,0.6239385020287004,44.14560260944606,0.3199763369058625,38.63280679301048,13.577359064385178,26.98573555220159,0.03918128032470654
2024-04-26,0.4705,0.4789,0.4607,0.4631,83089637.1,0.52917,0.4254335,36.21011445856818,-0.04166797054412347,0.009445009662422357,-0.051112980206545824,0.3955809556951718,0.505095,0.6146090443048281,43.363741199112305,0.30826660056901706,38.190146203942845,13.069492268856168,26.325714095162297,0.037561564635549265
2024-04-27,0.4631,0.4701,0.444,0.4675,95742384.2,0.52917,0.4254335,37.53150956363529,-0.040263217282343555,0.008679810339361813,-0.04894302762170537,0.39550558656752915,0.49901,0.6025144134324708,41.483903501922136,0.3477842685396311,38.29059859508333,12.35572511844231,28.382391445824663,0.03668182892362489
2024-04-28,0.4675,0.4785,0.4583,0.4603,64574729.5,0.52917,0.4254335,36.209695856741476,-0.03927814601134966,0.007731905288284574,-0.04701005129963423,0.40108047640276495,0.49134,0.5815995235972351,36.740148816393976,0.32805138580993526,37.84913148914693,13.628251995810755,27.14669894081386,0.035423464326278305
2024-04-29,0.4602,0.4638,0.4463,0.4571,76427014.0,0.52917,0.4254335,35.60943303871321,-0.038314022981239426,0.006956822654715845,-0.04527084563595527,0.4058503244596399,0.48463500000000004,0.5634196755403602,32.5129945383062,0.3252515491677419,37.81346261154869,13.096289451141296,28.76366380126111,0.03406173264285492
2024-04-30,0.4572,0.4632,0.4254,0.4412,126093063.6,0.52917,0.4254335,32.708062393748015,-0.038390404960711444,0.005504352540195066,-0.04389475750090651,0.4117267552778038,0.47738499999999995,0.5430432447221961,27.507460319111903,0.22444435460389783,38.34143927852174,12.006147601515028,30.971813309958566,0.034344461420723026
2024-05-01,0.4412,0.4579,0.4184,0.4501,163802414.7,0.52917,0.4254335,35.858389013012605,-0.037302779389520535,0.00527358248910878,-0.042576361878629315,0.42672526923159776,0.4706,0.5144747307684023,18.646294419210488,0.26638033281376006,38.99107792254972,10.9777997814257,29.83690211825495,0.03473274805833085
2024-05-02,0.4501,0.4625,0.4386,0.4578,93572218.4,0.52917,0.4254335,38.53925894385237,-0.035411303179732456,0.005732046959117484,-0.04114335013884994,0.42674348837160825,0.46835499999999997,0.5099665116283917,17.769218489561005,0.37317211527592936,39.27421734366728,11.414910854012307,28.259692990832754,0.03392004350223837
2024-05-03,0.4577,0.4736,0.4462,0.4673,97178116.8,0.52917,0.4254335,41.77280684582895,-0.0327679950019244,0.006700284109540433,-0.03946827911146483,0.4292668478415162,0.469475,0.5096831521584837,17.128985423498058,0.4729532460055984,38.81196254977378,13.197492995471034,26.528349913809752,0.033432642596960674
2024-05-04,0.4674,0.4759,0.4623,0.4633,61758692.4,0.52917,0.4254335,40.799483279290136,-0.030642690930970218,0.0070604705443956944,-0.03770316147536591,0.42898585133687006,0.469275,0.5095641486631299,17.17080546081932,0.4258485200325423,38.243958316000594,13.315272007539658,25.687139822501287,0.03195498265572755
2024-05-05,0.4633,0.4661,0.4521,0.458,65843432.5,0.52917,0.4254335,39.486635793918744,-0.02905115422659338,0.00692160579901803,-0.03597276002561141,0.4286916536136349,0.469125,0.5095583463863651,17.237770908122606,0.3624279092102112,38.060060230127114,12.863089921616039,27.289017001814642,0.030621325350102663
2024-05-06,0.4579,0.4757,0.4513,0.4541,100853816.9,0.52917,0.4254335,38.50478005788756,-0.02778426758667879,0.006550793951146092,-0.03433506153782488,0.4282161904351026,0.46891499999999997,0.5096138095648973,17.35871514662459,0.3179922194483807,37.262584744432544,14.449851362671478,25.653849217998033,0.03016053167356923
2024-05-07,0.454,0.4567,0.4407,0.4414,86403537.3,0.52917,0.4254335,35.41643257724338,-0.02748816816695454,0.005477514696696273,-0.032965682863650814,0.42775343775823566,0.468785,0.5098165622417643,17.505492813022737,0.1662934762434428,36.901516023882905,13.863235411754998,27.301918045616066,0.02911446613228525
2024-05-08,0.4413,0.469,0.4363,0.4518,155420658.9,0.52917,0.4254335,39.68288010919879,-0.026113296334783598,0.005481909223093773,-0.03159520555787737,0.4270305854185419,0.46847500000000003,0.5099194145814582,17.69333030853648,0.29882693279180383,35.79315363310617,15.811396321573307,25.06253712007734,0.029378690781862504
2024-05-09,0.4517,0.4645,0.4469,0.4635,85381130.6,0.52917,0.4254335,44.15264036555372,-0.02380519679294274,0.006232007011947708,-0.030037203804890448,0.42673875182600196,0.46824000000000005,0.5097412481739981,17.726485637279207,0.44289328383417403,34.77724142185596,15.093795580613858,23.92507305037008,0.028512657264672184
2024-05-10,0.4635,0.4688,0.4431,0.4479,86117375.2,0.52917,0.4254335,39.90635554590859,-0.022970016846566632,0.005653749566659053,-0.028623766413225685,0.42698197844254415,0.465275,0.5035680215574558,16.460382164292447,0.2731309871443538,33.5656196143573,15.202893969220233,22.331281778064305,0.028306288109729915
2024-05-11,0.4479,0.4511,0.4379,0.439,44305780.0,0.5256339215686274,0.4254335,37.67990848965783,-0.022763878519957814,0.004687910314614296,-0.02745178883457211,0.42570142234714575,0.46226,0.49881857765285426,15.817322568621233,0.18188040272152087,32.683204089639545,14.662618561362219,22.937648850098242,0.027200065047966997
2024-05-12,0.4388,0.4436,0.4331,0.4377,33671129.0,0.5221855324875049,0.4254335,37.352097635151665,-0.022446660417686448,0.004004102733508531,-0.02645076315119498,0.4299901200567558,0.45831,0.4866298799432442,12.358394948067552,0.13612133876795263,32.08363836013573,14.229430476443829,23.610555102333343,0.025979329026992997
2024-05-13,0.4378,0.4532,0.4251,0.4368,108437847.9,0.5188370802330929,0.4254335,37.111381912650245,-0.022014120190349207,0.0035493143686766183,-0.025563434559025825,0.4326333839132128,0.45515,0.4776666160867872,9.894151856217588,0.09252314092685054,30.858379068225403,15.79358139987704,21.757942969013524,0.026134086848747507
2024-05-14,0.4367,0.4386,0.426,0.4285,77134834.9,0.5152944496357168,0.4254335,34.8789746007038,-0.02208647049439727,0.002781571251702846,-0.024868041746100116,0.4293475554580981,0.45284500000000005,0.476342444541902,10.377698568782671,-0.018035056037406683,29.730527003635878,15.217005593455983,20.963626392184405,0.025147950859058358
2024-05-15,0.4285,0.4558,0.4258,0.4524,87948334.1,0.5128280006303946,0.4254335,45.116849837024084,-0.01998490482954146,0.003906509533246925,-0.023891414362788386,0.42988203998553454,0.45194,0.4739979600144655,9.76145506680775,0.5104270748450526,27.568633838106535,18.821963147180437,19.169239574256615,0.02550097992551888
2024-05-16,0.4525,0.4627,0.4485,0.4597,94019232.9,0.5107445496252812,0.4254335,47.815459721697266,-0.01752829463822092,0.005090495779653974,-0.022618790417874894,0.43000828131787944,0.45177000000000006,0.4735317186821207,9.633981310012006,0.6822006826720723,25.838162457360166,20.066555122061224,18.367821589485146,0.024679826954634814
2024-05-17,0.4598,0.4907,0.455,0.4824,108680341.7,0.5096329986595839,0.4254335,55.193335981070014,-0.01359302118760547,0.007220615384215541,-0.02081363657182101,0.4278268429201417,0.452515,0.4772031570798583,10.91153092377414,1.1052497135232007,25.578636081489712,26.00126511972608,16.50012630269939,0.025479589374537433
2024-05-18,0.4825,0.486,0.4755,0.482,45922360.7,0.5085493516533257,0.4254335,55.04565269461611,-0.010386832345241737,0.008341443381263417,-0.018728275726505154,0.4259133967413884,0.45359999999999995,0.4812866032586115,12.207497027606507,1.0128834283990145,25.339183105454385,25.18996470896209,15.985283690795786,0.024393724127671865
2024-05-19,0.4819,0.484,0.4645,0.4672,52848896.0,0.5069278084512345,0.4254335,49.74222867663256,-0.008937119350851452,0.007832925100522962,-0.016770044451374415,0.42581949311043277,0.45410500000000004,0.4823905068895673,12.457694537416355,0.7314789699743702,24.404379268870624,23.71032903747623,18.359809909694203,0.024039355774168276
2024-05-20,0.4672,0.5033,0.4605,0.502,152399432.6,0.50673456106099,0.4254335,59.59887176056799,-0.004923388436718357,0.009477324811724848,-0.014400713248443204,0.4226691838385259,0.457145,0.49162081616147413,15.083098868618974,1.1505284717541273,24.376332925445112,26.317255781685926,16.121471466261223,0.02539653109100704
2024-05-21,0.5021,0.5106,0.4906,0.4946,140920414.1,0.5062586959213434,0.4254335,57.037213091973456,-0.002312933863688471,0.009670223507803787,-0.011983157371492258,0.4214302003168209,0.45937,0.4973097996831791,16.518187815129036,0.9642881656491646,24.631041799833742,26.90587425716549,15.189561977668683,0.025006493433831326
2024-05-22,0.4946,0.4954,0.4746,0.4835,100783629.4,0.505366198042075,0.4254335,53.33412263891248,-0.001126817786657186,0.008685071667868059,-0.009811889454525245,0.4213004335559422,0.46065500000000004,0.5000095664440578,17.086351583748268,0.7902458604451146,23.8721246056894,25.2698499901462,18.943297224245505,0.02470272380118212
2024-05-23,0.4835,0.4885,0.444,0.4656,164392270.6,0.503806739295327,0.4254335,47.92996654589179,-0.001612603563494186,0.006559428712824847,-0.008172032276319033,0.42126589843286383,0.46057000000000003,0.49987410156713624,17.06759084053942,0.5639882327727059,22.57119799266979,22.164679512497184,25.06529300394139,0.026131250664710455
2024-05-24,0.4655,0.4696,0.4541,0.4601,79004514.8,0.5020927495190397,0.4254335,46.3750694780674,-0.002413574145762487,0.0046067665044452364,-0.0070203406502077235,0.42112560615206385,0.46041,0.4996943938479361,17.064961164152013,0.4960544128388497,21.368060170043893,21.188049354324303,23.960854698966738,0.025364682523600503
2024-05-25,0.4601,0.4647,0.4572,0.4623,52870401.3,0.5005322495379009,0.4254335,47.11412805679046,-0.002838111506277441,0.0033457833151442264,-0.006183894821421667,0.4213486521555305,0.460625,0.4999013478444695,17.0535024562147,0.5213232656792941,20.255031574573383,20.71247875314373,23.423047849292665,0.024077417507709555
2024-05-26,0.4623,0.463,0.455,0.4581,47905238.8,0.4988682397521009,0.4254335,45.81593300922883,-0.003473425831395649,0.002168375192020815,-0.005641801023416464,0.42164296967996984,0.460825,0.5000070303200301,17.005166959270937,0.46522640636864937,19.333378126319303,20.19186707099827,23.525522736171375,0.022919663296342846
2024-05-27,0.4581,0.475,0.4566,0.4683,77194284.1,0.4976694852520185,0.4254335,49.45822567229627,-0.0031179208059880503,0.0020191041739427307,-0.005137024979930781,0.4239116100704726,0.46216999999999997,0.5004283899295273,16.5559815347285,0.580113146571139,18.035503651024598,22.8307684965674,22.14671512553707,0.022594386412537873
2024-05-28,0.4683,0.4694,0.452,0.4576,103514209.4,0.49609813288919424,0.4254335,45.967449996570394,-0.003657420620201579,0.001183683487783362,-0.004841104107984941,0.42443319892497183,0.46246,0.5004868010750281,16.445444395203097,0.4360977013237189,16.862962364010336,21.544820577370785,22.38835403789804,0.02222075222103448
2024-05-29,0.4577,0.4642,0.45,0.4512,86483314.0,0.49433742179550033,0.4254335,43.968482353428215,-0.004548966963301093,0.00023370971574707827,-0.0047826766790481715,0.4235087782247681,0.461845,0.5001812217752318,16.601336714799057,0.3611626353998521,15.888511511898715,20.52860451019376,21.996682048518984,0.02164410582771794
2024-05-30,0.451,0.4556,0.4432,0.4465,88752476.4,0.49246144447018664,0.4254335,42.50659393471664,-0.005570560628540888,-0.000630307159594173,-0.004940253468946715,0.42333221784262015,0.461775,0.5002177821573799,16.65000580688858,0.3013281148920739,15.365083725731282,19.656694454032866,23.391579307128694,0.020979816659765813
2024-05-31,0.4465,0.4559,0.4436,0.447,62854052.2,0.4906786427262578,0.4254335,42.7247646534087,-0.006267586313517426,-0.0010618662756565686,-0.005205720037860857,0.42453024604941925,0.46217499999999995,0.49981975395058065,16.290259728709128,0.2984446913915099,14.859997894368831,18.909412982862698,22.37633777137712,0.020356347286260398
2024-06-01,0.447,0.4533,0.445,0.4499,31130909.6,0.4890794802664045,0.4254335,44.05088912769261,-0.0065109245417638295,-0.0010441636031223774,-0.005466760938641452,0.4263711413744744,0.46278499999999995,0.4991988586255255,15.736836166049265,0.3230756024442883,14.39202212084226,18.33123800402257,21.69215795949134,0.019490689754755753
2024-06-02,0.4499,0.4541,0.4406,0.4465,59363693.5,0.48740969672654555,0.4254335,42.79969783528027,-0.006898600651737308,-0.0011454717704766845,-0.005753128881260623,0.4280134488357161,0.46326999999999996,0.4985265511642838,15.220735711047052,0.2621718596090509,14.235298725898836,17.399368515544893,22.246282151403715,0.019060712495408215
2024-06-03,0.4465,0.4632,0.4434,0.4573,75171575.4,0.48622892430589676,0.4254335,47.865240003638256,-0.006262180502551451,-0.0004072412970326624,-0.005854939205518789,0.43308615456653377,0.46471,0.49633384543346626,13.61014199542349,0.38284157257867313,13.399342271623723,19.52212107565644,20.59281659401747,0.01911375596504598
2024-06-04,0.4574,0.4656,0.4526,0.4615,61587251.6,0.4852591625684106,0.4254335,49.729684425719974,-0.00535715411213461,0.0003982280747073432,-0.005755382186841953,0.4340042378142035,0.465165,0.4963257621857965,13.397724328269108,0.44119206747660156,12.449377120788144,19.469166811785303,19.564629417220754,0.01867523806507134
2024-06-05,0.4615,0.4654,0.457,0.4613,63025277.7,0.48431958756572785,0.4254335,49.63864963244298,-0.004602992078478807,0.0009219120866905172,-0.005524904165169324,0.4341325925071723,0.465245,0.49635740749282775,13.374633792013984,0.4366008560907821,11.568705291922473,18.815447084204763,18.90770432450966,0.017938451362787846
2024-06-06,0.4612,0.4621,0.4505,0.4582,60496507.5,0.4832952900141307,0.4254335,48.16682486328912,-0.004206962085403998,0.0010543536638122613,-0.005261315749216259,0.4338159149708373,0.464035,0.4942540850291626,13.02448523458905,0.40345505176002244,11.248863533346915,17.92057776439219,20.673467041466605,0.017484077876238367
2024-06-07,0.4582,0.49,0.4253,0.4492,239701551.5,0.48195821981749815,0.4254335,44.08036851224298,-0.004566688306380684,0.0005557019542684598,-0.005122390260649144,0.4326981668355065,0.462395,0.4920918331644935,12.844789915329322,0.2778382643207832,11.792188755354541,23.520355804529355,16.0798231956656,0.02086789461502533
2024-06-08,0.4493,0.4493,0.4322,0.4368,89241948.8,0.48018730923641983,0.4254335,39.15186410400589,-0.00578565684638932,-0.0005306132685921408,-0.005255043577797179,0.42926703423186235,0.460875,0.4924829657681376,13.716502638736154,0.11916245770759575,12.29604756293705,22.121311739398823,15.12335887186009,0.02059792578015065
2024-06-09,0.4367,0.4462,0.4318,0.4442,42256582.2,0.4787760422075406,0.4254335,43.23106765684494,-0.0060844423766366895,-0.0006635190390716084,-0.005420923337565081,0.43185048068167775,0.457985,0.4841195193183222,11.412827633360143,0.23626834624167564,12.729093410363578,20.98908828889704,14.491481495443187,0.020153943951768272
2024-06-10,0.4442,0.4513,0.4349,0.4406,86969425.3,0.4772789425131273,0.4254335,41.76421044936927,-0.006536374716555493,-0.0008923611031923292,-0.005644013613363164,0.43416228473894136,0.45528499999999994,0.4764077152610585,9.278897947904534,0.15238844015776407,13.437182910608028,21.58616686228209,13.63551112625887,0.019885089378721535
2024-06-11,0.4406,0.4419,0.4128,0.422,138567339.0,0.47511114084594586,0.4254335,35.13159430561188,-0.008299724843653655,-0.002124568984232393,-0.006175155859421262,0.4305142031720484,0.45221,0.4739057968279516,9.595452036864106,-0.1962178029128488,12.573119641135554,19.396839336340783,19.955110043762314,0.02054492837286676
2024-06-12,0.4219,0.4445,0.4144,0.4378,121613605.3,0.47364795885198724,0.4254335,43.360280625611885,-0.008326284346723112,-0.0017209027898414785,-0.006605381556881633,0.4291716651910648,0.45081999999999994,0.4724683348089351,9.603981548704644,0.1992840300440557,11.7440207780494,18.30470167116746,17.92947596909329,0.02122900370688515
2024-06-13,0.4377,0.4392,0.4191,0.421,110639835.0,0.47158333301465444,0.4254335,37.8607748877897,-0.009592377583068468,-0.002389596820949467,-0.0072027807621190005,0.4240862772726327,0.44886500000000007,0.47364372272736743,11.04061253489016,-0.062276762740962804,10.974834143674897,17.059372491667055,16.709674630695453,0.021148188332569817
2024-06-14,0.4209,0.4248,0.4,0.412,116922808.4,0.4692467317199621,0.4254335,35.27929146428476,-0.011192964847064724,-0.003192147267956578,-0.008000817579108145,0.4176378074679109,0.44634999999999997,0.47506219253208903,12.865326551849027,-0.098177933670688,11.352474068087227,15.645078900024798,21.70933285590026,0.02140954930506221
2024-06-15,0.4121,0.4158,0.4082,0.414,47189963.7,0.4670801932211401,0.4254335,36.31841192680971,-0.012159886893249094,-0.003327255451312759,-0.008832631441936335,0.412734270941289,0.44414499999999996,0.4755557290587109,14.144357837512953,0.02014803693898911,11.702868587056814,15.228422521933835,21.131174570070446,0.02042133677380767
2024-06-16,0.414,0.4193,0.409,0.4168,37640933.2,0.4651084209379581,0.4254335,37.823499019208285,-0.012555510867971964,-0.0029783035408285016,-0.009577207327143462,0.41005859888866025,0.44157,0.4730814011113398,14.272437489566666,0.10696765097052087,11.735668986882319,15.930037593799089,20.34054828687274,0.019697148288332692
2024-06-17,0.4167,0.421,0.3901,0.4013,124025287.9,0.46260612992078326,0.4254335,33.1523811797866,-0.013958857163062832,-0.0035053198687354965,-0.010453537294327336,0.4036236194407373,0.438755,0.4738863805592627,16.014122031321662,-0.033070425980237954,12.832954832985395,14.212084404481901,24.74321086726607,0.020498622035032162
2024-06-18,0.4013,0.4027,0.3575,0.3837,215871708.0,0.4595117718846741,0.4254335,28.802695219407855,-0.016303258309780022,-0.00467977681236215,-0.011623481497417872,0.39338135240272926,0.43538,0.4773786475972707,19.292869492062444,-0.11525790658266827,15.103134454839376,12.148257974381343,31.623658727040354,0.02226560621835647
2024-06-19,0.3836,0.3978,0.3801,0.3844,84821749.0,0.4565662122029222,0.4254335,29.200566884568502,-0.01789840726165498,-0.005019940611389686,-0.012878466650265295,0.38515405455108376,0.4322749999999999,0.47939594544891606,21.80137433296682,-0.008001267206121843,17.209948141021254,11.447230050453829,29.798782446740727,0.02193904529069814
2024-06-20,0.3845,0.3974,0.3772,0.3844,81788373.7,0.4537361646655527,0.4254335,29.2005668845685,-0.018944197383361505,-0.004852584586476968,-0.014091612796884537,0.3781917478957454,0.429145,0.4800982521042546,23.74640371168468,0.06092105849840583,19.261067615250013,10.689130111587982,28.776103412962684,0.02181466996785607
2024-06-21,0.3844,0.3909,0.3736,0.376,77104500.3,0.4506876876198448,0.4254335,27.09342409692273,-0.020217745799133158,-0.004900906401798896,-0.015316839397334261,0.37049232537670723,0.42545,0.48040767462329276,25.835080325910337,0.050108330283669296,21.28583867085152,10.073812519306676,28.317493039795348,0.02149181317378195
2024-06-22,0.376,0.3912,0.3714,0.3846,76900986.8,0.4480960135955372,0.4254335,32.46653225176585,-0.020299098594405707,-0.003985807357657155,-0.016313291236748552,0.36554695567527684,0.42235500000000004,0.47916304432472323,26.900614092279334,0.16769671048534193,23.240762369516208,9.406414589106014,27.177556827617714,0.02137083703025012
2024-06-23,0.3847,0.3934,0.3785,0.38,56593832.5,0.4454255816898299,0.4254335,31.144376597186287,-0.020498459347460807,-0.0033481344885698053,-0.017150324858891,0.36120161025129344,0.41849,0.4757783897487065,27.378618245934927,0.1640680583898852,24.829585111221355,9.679464500634204,25.792734247281924,0.020908164384786335
2024-06-24,0.3801,0.3817,0.361,0.3777,119340661.4,0.44276967652552285,0.4254335,30.476093212537723,-0.020604528776806408,-0.0027633631343323244,-0.017841165642474083,0.35795705013047596,0.4143,0.47064294986952404,27.19910686436111,0.17520337429300095,26.90518968249564,8.993823405150739,29.954149204214097,0.020893281461422695
2024-06-25,0.3777,0.3974,0.3769,0.3918,70104337.4,0.44077086568138474,0.4254335,39.10296126942666,-0.019328035836529533,-0.0011894961552443573,-0.018138539681285176,0.35804550113917627,0.410825,0.4636044988608237,25.694394869262446,0.3197690352255166,27.407544373629495,13.741453986166153,27.850169480736653,0.02086516530148806
2024-06-26,0.3918,0.3965,0.3824,0.385,80311716.8,0.43858377290956574,0.4254335,36.73551770385827,-0.018650122155839277,-0.0004092659796432786,-0.018240856176196,0.3580060628674736,0.407165,0.4563239371325264,24.146936565041887,0.27455777837256834,27.87385740232613,13.061874883298227,26.472848477479477,0.020381545863062036
2024-06-27,0.385,0.3941,0.3777,0.3913,83592286.9,0.43672950730526905,0.4254335,40.33942602696435,-0.017403892096542528,0.000669571263722777,-0.018073463360265305,0.35866267164150395,0.40427,0.4498773283584961,22.562806222819436,0.3578079393507832,28.509962992733303,12.299936890089615,26.600346162580752,0.020096934779950757
2024-06-28,0.3913,0.397,0.3851,0.3858,92147447.1,0.43473227172467027,0.4254335,38.288773602875125,-0.016667912510523186,0.0011244406797936979,-0.017792353190316884,0.35800951613171417,0.40171999999999997,0.44543048386828576,21.76166676704461,0.31789265879585965,28.82874752299503,12.826128485337845,25.440686034437466,0.019511028545141165
2024-06-29,0.3858,0.4039,0.3832,0.3841,70624426.8,0.4327466924413499,0.4254335,37.65165926852459,-0.016036955142439357,0.0014043184383020213,-0.01744127358074138,0.359020301361521,0.39871500000000004,0.43840969863847906,19.91131441680349,0.3159074070179155,28.49283329111851,14.374460250353241,23.519867346426267,0.019596010418075772
2024-06-30,0.384,0.3944,0.3785,0.3924,52136153.2,0.43116446920835577,0.4254335,42.66767966113369,-0.014697749738471266,0.0021948190738160893,-0.016892568812287356,0.36152653108603455,0.396305,0.4310834689139655,17.55136519295263,0.44385894316307983,28.43313367617593,13.529473475262577,23.874915087203068,0.019331849939140795
2024-07-01,0.3925,0.4086,0.3915,0.4032,70915901.7,0.43006782335704774,0.4254335,48.476285473580624,-0.012619480550308593,0.0034184706095830124,-0.016037951159891605,0.3624489081906788,0.39536499999999997,0.4282810918093211,16.65098924250814,0.6190147367036649,27.17865368627732,17.960386679443797,22.35304123842112,0.019172342523504683
2024-07-02,0.4033,0.4198,0.4027,0.4184,67487705.8,0.42961026165677135,0.4254335,55.33502071973326,-0.009634859613140534,0.005122473237400858,-0.014757332850541392,0.3656603188637901,0.39439499999999994,0.4231296811362098,14.571524048839294,0.9177008244185851,25.251189659730187,21.01401494813904,20.91714236622413,0.01902424083887406
2024-07-03,0.4184,0.4235,0.4001,0.4069,98718851.9,0.4287196631604274,0.4254335,49.92055943060922,-0.008104061333443213,0.005322617213678544,-0.013426678547121757,0.3669803837541672,0.39369,0.4203996162458328,13.568856839560462,0.747289213712702,23.707703366463917,20.56414737448052,19.108250554970482,0.019336946460285418
2024-07-04,0.407,0.4139,0.3614,0.3623,149416521.3,0.42611497048746955,0.4254335,35.4379819530447,-0.010370198734438785,0.002445183850146377,-0.012815382584585162,0.3625917530678595,0.391205,0.41981824693214054,14.628262385266298,-0.005098216720238466,23.823211993006673,17.009950913179694,28.54606353085661,0.021706801403745275
2024-07-05,0.3622,0.3623,0.3165,0.3501,323282253.6,0.4231339912526668,0.4254335,32.64781498514944,-0.013000702980410395,-0.0001482563166601853,-0.01285244666375021,0.35619981923975214,0.38800999999999997,0.4198201807602478,16.396577799668993,-0.09587841209904194,25.313195692380642,14.633777990905408,38.253179937827845,0.02342846287445807
2024-07-06,0.3501,0.3733,0.3464,0.3707,90921251.5,0.42107775630158184,0.4254335,41.082988029837544,-0.013270178352833617,-0.00033418535126672477,-0.012935993001566892,0.35595958186544296,0.385705,0.4154504181345571,15.423921460472151,0.24777628049935146,26.035072901330537,16.76556179711083,35.14760374288792,0.023676525970063166
2024-07-07,0.3707,0.3716,0.3444,0.3466,74443934.6,0.41815705997602964,0.4254335,35.48400173653321,-0.015252585800141494,-0.0018532742388596805,-0.013399311561281813,0.34962231042486414,0.38297000000000003,0.41631768957513593,17.415301237765828,-0.045315139719867684,26.76239574711816,15.403792284880643,32.8900042336251,0.02392829330945272
2024-07-08,0.3467,0.3802,0.3301,0.3691,178789658.0,0.41623325370245984,0.4254335,43.25890907310869,-0.014837063591620347,-0.001150201624270826,-0.013686861967349521,0.34835334185848915,0.38224,0.4161266581415109,17.730566210501713,0.306118385219231,27.83418943482121,13.266366720027852,32.286803329631546,0.02579832596383736
2024-07-09,0.3691,0.3809,0.3626,0.3754,71495085.0,0.4146319496356967,0.4254335,45.248512134157004,-0.013839864555410086,-0.00012240207044845151,-0.013717462484961635,0.3477911823735056,0.38178999999999996,0.41578881762649433,17.810219034806764,0.40602614375888774,28.783062572946715,12.777704230747835,30.615691673050538,0.025262564971910068
2024-07-10,0.3755,0.39,0.3717,0.3885,63358979.6,0.41360716729704194,0.4254335,49.23464368573801,-0.011855849760027015,0.0014892901799476964,-0.013345139939974712,0.34788643949094855,0.38199500000000003,0.4161035605090515,17.858118828283864,0.5953572930507245,29.058444627300776,14.728499786415114,28.999278798239676,0.02476509553481587
2024-07-11,0.3885,0.405,0.3844,0.3959,87567536.7,0.41291276857951087,0.4254335,51.38766007253794,-0.00957599942449866,0.003015312412380842,-0.012591311836879502,0.34848035497140506,0.38299,0.41749964502859493,18.021172891508883,0.6870491566821777,28.40100489222557,18.222676507229213,27.25485155551807,0.02446750907418972
2024-07-12,0.396,0.4181,0.3932,0.4165,100898164.4,0.4130534443214908,0.4254335,56.871272199050765,-0.006037358854788455,0.00524316238567284,-0.011280521240461295,0.34710427028458984,0.384585,0.4220657297154102,19.491519282036567,0.9257521163852654,27.07899878339005,20.719830457392263,25.27567205057782,0.024498408961604934
2024-07-13,0.4166,0.4464,0.4115,0.4416,98135951.1,0.4141729170931971,0.4254335,62.431975741967754,-0.00119383864940531,0.008069346072844789,-0.009263184722250099,0.3428007926627514,0.38766500000000004,0.4325292073372487,23.145864257670237,1.1010916407657139,25.707789936413242,26.683252096772947,22.778869010179985,0.025241551225823302
2024-07-14,0.4416,0.445,0.4248,0.4317,101540405.4,0.41486025367777757,0.4254335,59.19036920136179,0.0018248035473980018,0.008870390615718482,-0.007045587068320479,0.34187177263782453,0.390365,0.4388582273621755,24.845069287551638,0.9261935351434362,24.43463886288858,25.135572759615364,21.45765131291368,0.024881363249215284
2024-07-15,0.4317,0.4458,0.431,0.4449,125566239.6,0.41603828294531575,0.4254335,62.021830739703844,0.005222032578541369,0.00981409571748948,-0.0045920631389481095,0.339003350714806,0.39302,0.447036649285194,27.4879900693064,0.9802223081821216,23.28728977365175,24.272129596496622,20.51860898295758,0.024161122576625716
2024-07-16,0.4449,0.4526,0.4264,0.4381,126834589.9,0.41690344832000925,0.4254335,59.7229883532082,0.007281718770137557,0.009499025527268534,-0.002217306757130976,0.3383759642315016,0.395675,0.4529740357684984,28.962676827445947,0.8702069278391263,22.523912435885773,24.401659421373385,18.938547747084932,0.02430678358868904
2024-07-17,0.4381,0.457,0.4353,0.4359,105320100.0,0.41764841113098927,0.4254335,58.96155482950341,0.008636951897227019,0.008683406923486396,-4.64550262593772e-05,0.33804625043070424,0.397905,0.4577637495692958,30.086955212573738,0.8173721492128306,22.009553941495888,24.136528775052152,17.72133743178844,0.024120552812938623
2024-07-18,0.4359,0.4498,0.4199,0.4234,80622639.4,0.4178739636356564,0.4254335,54.694701310328476,0.008603166433867104,0.006919697168101185,0.0016834692657659192,0.3392075693843023,0.399785,0.4603624306156977,30.305004247631953,0.6949158272312109,20.666443719428713,22.035031794792072,20.662783597182994,0.024533436240213053
2024-07-19,0.4235,0.4429,0.4145,0.439,80349138.6,0.41870243564994436,0.4254335,58.71054858395207,0.009723099003213498,0.006431703789958063,0.003291395213255435,0.3400972810138812,0.40252999999999994,0.4649627189861187,31.020157000034157,0.7920744170064801,19.2413933726397,20.23306238424826,20.52795713742145,0.02480966022456693
2024-07-20,0.4389,0.4419,0.4275,0.4373,54136437.1,0.4194317518989662,0.4254335,58.10610060754714,0.010354121967764474,0.005650181403607231,0.004703940564157243,0.34075194555865307,0.40477500000000005,0.46879805444134703,31.633897568450113,0.7540100615614714,17.918208459672048,19.368190810273873,19.65048015135026,0.024066010923243047
2024-07-21,0.4373,0.449,0.4166,0.4469,85361994.3,0.42050893809900675,0.4254335,60.574561852214885,0.01149632945317891,0.0054339111112173336,0.006062418341961577,0.3403697484612073,0.40696000000000004,0.47355025153879277,32.72569861352109,0.7998937462845638,17.271144578818213,17.55039878731847,20.96364504812794,0.024661371790828474
2024-07-22,0.447,0.4504,0.4234,0.4262,79086035.0,0.4207321169970849,0.4254335,53.28407170259927,0.010608927004963076,0.0036372069304011984,0.006971720074561877,0.34040588898192997,0.40735,0.47429411101807,32.868104096266116,0.6407890829628906,16.583114366828326,16.589805786887265,19.335081939983827,0.02482843644869391
2024-07-23,0.4261,0.4296,0.4028,0.41,86052015.5,0.42031124966386585,0.4254335,48.37687353822769,0.008500461531233128,0.0012229931653369996,0.007277468365896128,0.3405514198119347,0.407505,0.4744585801880653,32.860249659790824,0.5186323120659999,16.939841539232905,15.31779779411719,23.746186618937703,0.024969277905325993
2024-07-24,0.41,0.4217,0.4038,0.4063,97197388.2,0.4197617888927339,0.4254335,47.30531108501962,0.006456501840633011,-0.0006567732202104942,0.007113275060843505,0.3460260089590005,0.40970499999999993,0.4733839910409994,31.08528870333506,0.4732643377012079,17.27107403339749,14.517165180403829,22.50501790043256,0.024464277914288714
2024-07-25,0.4062,0.4085,0.3816,0.3948,96406178.5,0.4187828952106659,0.4254335,44.04011733053957,0.0038641516347139304,-0.0025992987409036595,0.00646345037561759,0.35389765683572294,0.41194,0.469982343164277,28.17999862323495,0.35234917246975445,18.46756275831534,13.384929191088515,27.186375795368733,0.02463827456218594
2024-07-26,0.3948,0.4199,0.3944,0.4172,59178553.1,0.41872082088867907,0.4254335,51.11770849729982,0.0035759666969173987,-0.0023099869429601535,0.005885953639877552,0.3593771406866718,0.414265,0.4691528593133282,26.498912200320174,0.5267363314649013,18.806249250559784,15.694819519058859,25.181406592235618,0.024699831799294063
2024-07-27,0.4172,0.4292,0.4126,0.4176,171402225.1,0.4186768671283387,0.4254335,51.236313188379356,0.003341337851670345,-0.002035692630565766,0.005377030482236111,0.3725515368094782,0.41781499999999994,0.46307846319052165,21.66674877183525,0.4976250160190468,18.538249377721574,17.677426521777036,23.943476311131295,0.02412122507770166
2024-07-28,0.4176,0.4207,0.4043,0.4073,80650723.3,0.41823071547624696,0.4254335,48.00625703137956,0.0022977814874264313,-0.002463399195847744,0.004761180683274175,0.3799547661560846,0.419725,0.45949523384391544,18.950614732939627,0.34379020690745876,18.65229180690513,16.798779629538448,25.268909276899652,0.02356966712602588
2024-07-29,0.4072,0.4272,0.403,0.4031,83989483.1,0.4176373540850216,0.4254335,46.713052557521465,0.0011189520682903242,-0.0029137828919870807,0.004032734960277405,0.3859484357572118,0.42111,0.45627156424278814,16.6994677128485,0.24389649055937654,18.346132079142095,17.535266283200734,23.4191205832466,0.023614694077041355
2024-07-30,0.4031,0.4077,0.394,0.4015,66547192.1,0.4170045166699228,0.4254335,46.2024421531294,5.498084739119502e-05,-0.003182203290308968,0.003237184137700163,0.38861073756477044,0.42176,0.4549092624352296,15.719490912001891,0.19441250707182314,18.470551045653146,16.786104802663786,25.2252114752807,0.02290645528003687
2024-07-31,0.4015,0.4078,0.3871,0.3882,64025495.7,0.4158749277809062,0.4254335,42.084416362792105,-0.0018402100618305495,-0.00406191535962457,0.0022217052977940204,0.38688170354982404,0.421375,0.45586829645017596,16.371781168876158,0.01910945873323777,18.884513251559458,15.695017880197591,25.75223461907043,0.02274884175070256
2024-08-01,0.3881,0.3958,0.3681,0.3925,93185663.4,0.4149582639463608,0.4254335,43.82762128454555,-0.0029610552464136575,-0.004146208435366143,0.0011851531889524847,0.383486752562984,0.4201750000000001,0.4568632474370162,17.463317635278678,0.12283562266757728,19.995045737741755,14.350771780397578,29.421377630898682,0.023102515874333304
2024-08-02,0.3925,0.3952,0.3578,0.3636,122506209.6,0.41294421437983686,0.4254335,35.987559686166996,-0.006110879191640661,-0.0058368259044745165,-0.0002740532871661446,0.37345529075297557,0.416275,0.45909470924702445,20.572798869509068,-0.11507890789403756,21.366592128067236,12.761509633566824,29.213038154536562,0.024123818269739774
2024-08-03,0.3637,0.373,0.3489,0.3646,87498771.3,0.41104836283552953,0.4254335,36.41143433617517,-0.008429278246258554,-0.006524179967273927,-0.0019050982789846265,0.3652232663592181,0.41292,0.46061673364078193,23.1021668317262,-0.006533637752976048,22.915248656712347,11.850764667888049,29.76373263188805,0.02412211688195352
2024-08-04,0.3646,0.3677,0.3335,0.3442,97503415.0,0.40842685841060683,0.4254335,31.787196733677472,-0.011776978038380681,-0.007897503807516843,-0.0038794742308638375,0.35390799471071327,0.407885,0.4618620052892867,26.466776316504273,-0.08992713340323172,24.782742467859922,10.685357873840335,31.264945948272615,0.024841998209439827
2024-08-05,0.3442,0.346,0.2756,0.3119,592112788.2,0.4046414914141125,0.4254335,26.128955693149393,-0.016842247356557483,-0.010370218500554916,-0.006472028856002567,0.33513489539442554,0.40157499999999996,0.4680151046055744,33.089761367403064,-0.17485595132910192,27.606474847143012,8.772850433911632,40.389434789048295,0.028096277759011135
2024-08-06,0.3118,0.3369,0.3114,0.331,125385161.0,0.4017535897900297,0.4254335,33.650117017919314,-0.019095182037675462,-0.010098522545338317,-0.008996659492337146,0.3251627856383316,0.39632999999999996,0.4674972143616683,35.91310996476086,0.041010558120231855,30.228469274631,8.200321862427835,37.753563406421605,0.027910822120979943
2024-08-07,0.331,0.341,0.3161,0.3241,108079429.6,0.3987083509747344,0.4254335,32.36800206428737,-0.021193120240401264,-0.009757168598451294,-0.01143595164194997,0.3147944762979928,0.39136499999999996,0.46793552370200714,39.12998030074594,0.06076439896259507,32.38143866801113,8.731139229224743,35.32900998871477,0.027695755616138
2024-08-08,0.3241,0.3535,0.3187,0.3516,108236428.8,0.3968609646619997,0.4254335,41.873650012099496,-0.02040155478395672,-0.0071724825136054,-0.013229072270351321,0.3118345722470951,0.386995,0.46215542775290486,38.843100170754084,0.26453699733878927,33.54382239969335,11.127492223697951,32.21515349983281,0.02820321869391308
2024-08-09,0.3515,0.3545,0.3365,0.3483,75715466.2,0.3949566131066272,0.4254335,41.126653101280624,-0.019812133930230014,-0.005266449327902954,-0.01454568460232706,0.30931097853456624,0.382545,0.4557790214654338,38.287794359060385,0.2661947322108786,34.55675745448863,10.866735173782946,30.707539740113585,0.02747439461985997
2024-08-10,0.3484,0.3524,0.3442,0.3457,32923978.4,0.39302498122009283,0.4254335,40.51342640466073,-0.01933196506841872,-0.0038290243728733298,-0.015502940695545392,0.3088992500223289,0.37748499999999996,0.44607074997767104,36.33826508479601,0.2682827700335132,35.497328595847215,10.622843649715907,30.018343900903837,0.02609761226060391
2024-08-11,0.3456,0.3566,0.3269,0.3276,58078474.9,0.39045929568205,0.4254335,36.43994862354933,-0.020179331742858075,-0.003741112837850148,-0.016438218905007927,0.30451194083891,0.372555,0.44059805916109007,36.52779276138559,0.16965770973369737,36.78701956158193,9.767739573670315,32.290831872608514,0.026354932592839216
2024-08-12,0.3276,0.3447,0.3263,0.339,75901662.9,0.38844128408667555,0.4254335,40.4979244156729,-0.019703857408098546,-0.002612510802472493,-0.017091346605626053,0.30174275278806395,0.36900499999999997,0.436267247211936,36.456008570038904,0.27695511788762084,37.998335635955804,9.269889254415485,30.81120847625505,0.025786708927765446
2024-08-13,0.3389,0.3451,0.3306,0.34,46778962.1,0.3865416258871981,0.4254335,40.854642972319105,-0.019027017317810035,-0.0015485365697471831,-0.017478480748062852,0.2995815466827458,0.36569,0.43179845331725425,36.15546135647911,0.3056980710415825,39.090519648181086,8.999919830935504,29.53371790643359,0.02498049673235016
2024-08-14,0.34,0.3457,0.3308,0.3352,52329030.8,0.3845282287935825,0.4254335,39.62661987196263,-0.0186628033745036,-0.0009474581011525984,-0.017715345273351002,0.2967459522163809,0.36271,0.42867404778361906,36.37288620860692,0.2914773204167167,40.052429232168244,8.781750475000775,28.238070191662228,0.024260445742454905
2024-08-15,0.3353,0.3419,0.3204,0.3248,73704919.9,0.3821859453114812,0.4254335,37.029512546602334,-0.018994398679611002,-0.0010232427250079987,-0.017971155954603003,0.2951656040950763,0.35808999999999996,0.4210143959049236,35.14445860254331,0.2354762050453381,41.22281450485324,8.221289198699274,29.523046366446728,0.024063267102935885
2024-08-16,0.3249,0.3455,0.3202,0.3301,89181725.2,0.38014335922083486,0.4254335,39.21586572219513,-0.018614943164471653,-0.0005150297678949214,-0.018099913396576732,0.29599743681512913,0.353715,0.41143256318487087,32.635066754234835,0.2954262212668219,41.97895645489353,8.670842861524177,27.31394476714555,0.024151606807629948
2024-08-17,0.3301,0.3388,0.3274,0.3373,37562981.3,0.3784632274866845,0.4254335,42.15416911265825,-0.017531153878656225,0.000455007614336405,-0.01798616149299263,0.29766086505326583,0.35021500000000005,0.4027691349467343,30.01249800650127,0.3771266998011674,42.68108319593564,8.367037623885853,26.356930597549116,0.023240762042291654
2024-08-18,0.3374,0.34,0.3327,0.3342,31399291.8,0.37672741464406945,0.4254335,41.2300371162361,-0.01672953943673633,0.0010052976450050412,-0.01773483708174137,0.29979770603856415,0.34677,0.3937422939614359,27.091325063549828,0.36619772061462486,43.21041937294889,8.557457542059268,25.735113413342443,0.02210211794862234
2024-08-19,0.3342,0.3378,0.3276,0.3367,59429594.3,0.3751577121090079,0.4254335,42.328083920855256,-0.015711413712306443,0.0016187386955479437,-0.017330152407854387,0.3037102511308831,0.34353,0.3833497488691169,23.18269080960433,0.41423853497356977,43.87738998921499,8.264081612119453,26.566988258441803,0.02125195402503256
2024-08-20,0.3367,0.3483,0.3352,0.3434,67569520.8,0.37391231163414484,0.4254335,45.278884470182724,-0.014200216478496008,0.0025039487434867017,-0.01670416522198271,0.30713647016779183,0.34129,0.37544352983220813,20.01437477348188,0.5308899257319252,43.42469573131664,11.518518211859798,25.364285871867935,0.02066966355473891
2024-08-21,0.3434,0.3775,0.3423,0.3689,120694348.6,0.3737157503935902,0.4254335,54.76521164253693,-0.010820216178747177,0.0047071592345884275,-0.015527375413335605,0.31202328427887077,0.34011,0.3681967157211293,16.516253989079562,1.0125198739121652,40.768424479825356,19.792727836450204,22.426420674396997,0.021707558036436373
2024-08-22,0.3689,0.3775,0.3642,0.3763,74918204.0,0.37381709351541015,0.4254335,57.08997192875938,-0.007458447098559362,0.006455142651820995,-0.013913589750380357,0.3101045381888665,0.340745,0.3713854618111335,17.984394084217524,1.080196868754125,38.301899183989065,18.90187146264488,21.41702368957951,0.021107011026947557
2024-08-23,0.3763,0.3926,0.3736,0.3912,103804942.5,0.374498776122649,0.4254335,61.39243595591062,-0.003550981897858796,0.00829008628201725,-0.011841068179876046,0.3056457329198139,0.342075,0.37850426708018614,21.29899412712775,1.1742518301544291,36.03176143193197,22.824543576693234,20.030042554596637,0.020956508575503793
2024-08-24,0.3912,0.4014,0.3877,0.3935,68874709.6,0.37524392215705493,0.4254335,62.02539837698995,-0.00026563472468477123,0.00926034676415302,-0.00952598148883779,0.3017522727876376,0.34454,0.3873277272123624,24.837596338516516,1.0721266726438123,34.391807278010404,24.80721083036514,19.07100278663829,0.02043818121358072
2024-08-25,0.3935,0.3944,0.3775,0.3849,64228390.3,0.37562259187638614,0.4254335,58.1842070066672,0.0016253425161174562,0.008921059203964198,-0.007295716687846742,0.30471343619834307,0.34819000000000006,0.39166656380165704,24.972896293205995,0.9221814788247004,32.219189831016024,23.323660526904206,21.5399192200414,0.020185451574990586
2024-08-26,0.3849,0.388,0.3659,0.3661,85653817.5,0.3752491569008416,0.4254335,50.78067537617379,0.0015886398698387594,0.007107485246148401,-0.005518845376309642,0.3065520754615507,0.349945,0.3933379245384493,24.79985399902801,0.6861478590327033,30.299938669556568,21.51192859368841,23.94395319379032,0.020322206244369888
2024-08-27,0.3661,0.3729,0.3419,0.3503,95443201.9,0.37427075859100467,0.4254335,45.5364980763487,0.0002813812168300789,0.004640181274511777,-0.004358800057681698,0.3095115705769212,0.351255,0.3929984294230788,23.768162402288247,0.488561074003757,29.643899466185477,19.252780083860625,29.559854781247594,0.021084912067037734
2024-08-28,0.3503,0.3606,0.3406,0.3502,90938224.2,0.37332680727371037,0.4254335,45.50446781151019,-0.0007540081120721576,0.0028838335564876326,-0.00363784166855979,0.3094394241865134,0.35118499999999997,0.39293057581348656,23.7741223648428,0.4882023426338542,29.08894371334051,17.94351962274205,27.99169911891118,0.02100741775653114
2024-08-29,0.3502,0.3676,0.3491,0.3578,80645542.3,0.3727179128708198,0.4254335,48.47101179308136,-0.0009503500864306291,0.002149993265703329,-0.003100343352133958,0.3098404160709416,0.35166,0.39347958392905835,23.784100511322514,0.5734105821140613,28.113530387200928,19.205700770282046,26.21578528595094,0.020828315218942205
2024-08-30,0.3577,0.3621,0.3373,0.3469,103161060.8,0.3717054456994151,0.4254335,44.71169746122159,-0.0019628647377208375,0.0009099828915304967,-0.002872847629251334,0.30993136039544283,0.35172,0.3935086396045571,23.76244717647967,0.44232882374717986,27.736621127332388,17.594212673872363,28.008441423957862,0.02111200885589419
2024-08-31,0.3469,0.3504,0.3444,0.345,27057484.0,0.37065817331904594,0.4254335,44.07007125441905,-0.0028853435700681995,-9.996752653492012e-06,-0.0028753468174147075,0.31214324982153,0.35259,0.39303675017847,22.9426530409087,0.40617293149005285,27.38663485285698,17.217804565168045,27.409232771683037,0.020032573055940257
2024-09-01,0.3451,0.3458,0.3267,0.3311,63866107.4,0.36910687240457357,0.4254335,39.59363694897805,-0.004684033896607376,-0.0014469496633541345,-0.0032370842332532413,0.31107636797023086,0.35219500000000004,0.3933136320297692,23.349923780728954,0.2434861161634996,27.79013339920553,16.04129526072485,31.868575097276697,0.01996596031683465
2024-09-02,0.331,0.3374,0.325,0.3362,70472662.0,0.3678164068200805,0.4254335,41.92452436483659,-0.005633047298920335,-0.0019167704525336745,-0.0037162768463866605,0.31062841362558336,0.352005,0.39338158637441667,23.509090140433607,0.3090103439541798,28.229318496678644,15.309882631768396,31.04060909617212,0.01942553173250636
2024-09-03,0.3362,0.3398,0.3172,0.3185,75474745.4,0.36588243008203813,0.4254335,36.64025582709553,-0.007724347858579561,-0.00320645680975432,-0.004517891048825241,0.30784254450121085,0.35117000000000004,0.39449745549878923,24.676057464355832,0.1229873226583429,28.931936820353144,14.052285802707534,31.32586358827983,0.019652280575258304
2024-09-04,0.3184,0.3293,0.305,0.3231,120424863.1,0.36420468772587977,0.4254335,38.79920802371418,-0.008907852879867173,-0.003511969464833545,-0.005395883415033628,0.30754479903583865,0.351085,0.3946252009641613,24.803224839660675,0.17863033035797307,30.00558950343707,12.831782189882116,32.965666799731856,0.01998426204235962
2024-09-05,0.3231,0.3401,0.3195,0.3251,116970963.2,0.362671170560159,0.4254335,39.760309382742435,-0.00957404225119085,-0.003342527068925778,-0.006231515182265073,0.30676154880770556,0.35083499999999995,0.39490845119229434,25.12488844744361,0.20804419322964945,30.146802262117646,15.740776778144149,30.54374554609523,0.020028243510583965
2024-09-06,0.3251,0.3319,0.3034,0.3148,132485885.1,0.3607938697538783,0.4254335,36.57475187212733,-0.010808532017883954,-0.003661613468495105,-0.007146918549388849,0.30322912651423645,0.34970999999999997,0.3961908734857635,26.582524655150568,0.12446919149774137,30.850516850399238,14.187765922966117,33.103766731351506,0.0206333713445065
2024-09-07,0.3148,0.3278,0.3145,0.3253,44625799.5,0.3594019532929419,0.4254335,41.702453324398604,-0.010814943863379833,-0.002934420251192787,-0.007880523612187046,0.3020343203521318,0.349265,0.3964956796478682,27.04575588614273,0.24629837873737123,31.50396511581037,13.517516124887228,31.539898741999988,0.02010955720030281
2024-09-08,0.3253,0.3409,0.3237,0.339,71465766.9,0.3586018766932187,0.4254335,47.649450751586876,-0.009603842672661511,-0.0013786552483795716,-0.00822518742428194,0.30226118847000116,0.34938,0.3964988115299989,26.972815576162837,0.38985290945431184,31.1099020594137,17.384740261789684,29.59287466839962,0.01990173098404873
2024-09-09,0.339,0.3489,0.3376,0.3435,80797659.4,0.3580096462346611,0.4254335,49.472716816903876,-0.00818655435887744,3.09064523235994e-05,-0.00821746081120104,0.3022687066398517,0.349385,0.3965012933601483,26.970988084862416,0.4375481433246869,30.188231533030105,19.619940595223458,28.354457268040928,0.019287319701060283
2024-09-10,0.3434,0.3457,0.3374,0.3431,51064979.8,0.35742495422545867,0.4254335,49.308324614534946,-0.007014758051965442,0.0009621622073884787,-0.00797692025935392,0.30178061886412005,0.348095,0.3944093811358799,26.610196145236177,0.44607506483412424,29.34209357779821,18.99127688889794,27.523131310991555,0.018502508865388637
2024-09-11,0.3431,0.3573,0.33,0.3532,76745712.0,0.35725926974602895,0.4254335,53.509100107947404,-0.005211045753935051,0.002212699604335096,-0.007423745358270147,0.30237775589134286,0.34693999999999997,0.3915022441086571,25.688732408287954,0.5702388325051152,27.762304939355573,21.38657821634774,24.717709539308345,0.01913090278863521
2024-09-12,0.3532,0.3617,0.352,0.3564,83045574.5,0.3572255728932435,0.4254335,54.7874940197468,-0.0034832250560031253,0.0031524162418136176,-0.006635641297816743,0.3052026000845112,0.3452,0.3851973999154888,23.173464609205553,0.640009100887366,26.012317317766986,22.28653655233579,23.7898426834144,0.018457265183585654
2024-09-13,0.3563,0.365,0.3503,0.3606,61642001.2,0.35735790336801826,0.4254335,56.47902273765953,-0.0017547817735094062,0.003904687619445869,-0.005659469392955275,0.30935234074666795,0.34355499999999994,0.37775765925333193,19.91102400100828,0.7491765314759776,24.173548770159226,22.29591401316532,22.416510107331025,0.018188888473258696
2024-09-14,0.3606,0.3617,0.351,0.3539,40948020.2,0.3572222993143705,0.4254335,53.06815425014765,-0.0009150637399487072,0.0037955245224052542,-0.004710588262353961,0.3130268375323843,0.342005,0.3709831624676157,16.94604609149907,0.7052407569543643,22.466122380907976,21.330664347570835,21.446039514731854,0.017653966709819446
2024-09-15,0.354,0.3563,0.3341,0.3385,67858002.3,0.3564880914981207,0.4254335,46.16674670486575,-0.001475226947387498,0.002588289051973171,-0.004063515999360669,0.3138209051635851,0.340625,0.36742909483641495,15.738184124133543,0.460360534221192,21.926856093753774,19.44930266751798,26.26881568036793,0.01797868402625841
2024-09-16,0.3386,0.3386,0.3264,0.3303,66210102.2,0.3554611075178023,0.4254335,42.962876885444295,-0.002551420606236865,0.0012096763144990434,-0.0037610969207359083,0.31284703331095653,0.339625,0.3664029666890435,15.769137542314892,0.3258829710954965,21.834618716244627,18.484439479382093,28.096711015207706,0.0175659201109273
2024-09-17,0.3302,0.3431,0.3284,0.3338,58973434.3,0.35461165232102576,0.4254335,44.726089389253254,-0.0030863139787685734,0.0005398263535738679,-0.0036261403323424412,0.3123703655217342,0.338805,0.36523963447826585,15.604630674438585,0.4053325287301575,21.399231352598633,19.217926195001947,26.397428781449484,0.017361211176697842
2024-09-18,0.3337,0.3443,0.3272,0.3441,70247471.4,0.3541994306613777,0.4254335,49.65816732313342,-0.002648565891962662,0.0007820595523038236,-0.0034306254442664857,0.31301306072020096,0.33812000000000003,0.3632269392797991,14.850904578137387,0.6190905815590885,21.06428817216903,17.864413730822484,25.032509615361622,0.017342553205470568
2024-09-19,0.3442,0.3564,0.3442,0.351,88788525.3,0.3540739627923041,0.4254335,52.702844887715344,-0.001724990429172235,0.001364508012075401,-0.003089498441247636,0.31287010852508856,0.338325,0.3637798914749114,15.047597118103258,0.7489698298751851,19.826249537238688,22.029528048583707,23.737467743982066,0.01698237029526319
2024-09-20,0.351,0.3613,0.3488,0.3522,63999487.4,0.354000474055351,0.4254335,53.232596615215826,-0.0008860069135481208,0.0017627932221596122,-0.002648800135707733,0.3126652940062821,0.338685,0.3647047059937179,15.365136332413831,0.7597070082817811,18.486230390759964,22.94962259231258,22.465475068709317,0.016662200544064944
2024-09-21,0.3522,0.36,0.3505,0.3584,40999174.4,0.3541730044845529,0.4254335,55.97619218723496,0.00027600019314943935,0.002339840263085738,-0.0020638400699362985,0.31292432950138327,0.34004999999999996,0.36717567049861666,15.953930597627817,0.8382404870127692,17.241927569043412,21.985388159364906,21.52158222138062,0.01615061413155844
2024-09-22,0.3584,0.3594,0.3427,0.3517,53113544.0,0.35407602391653126,0.4254335,52.3988044790248,0.0006487863856543541,0.002170101164472522,-0.001521314778818168,0.313300837887421,0.340825,0.36834916211257895,16.15149247418996,0.6975536976478928,16.502143629835025,20.36551836878601,23.3771977711019,0.016189856026268604
2024-09-23,0.3516,0.3658,0.3453,0.3637,80568015.7,0.35445343474333396,0.4254335,57.62262060479991,0.0018907267201164757,0.0027296331991477152,-0.0008389064790312393,0.3158431002865157,0.343085,0.37032689971348426,15.880554214544084,0.8783693541349462,15.32786849537059,21.3288855558376,21.302309428780312,0.016497723795098937
2024-09-24,0.3636,0.3916,0.3584,0.3878,111968849.8,0.3557611431847718,0.4254335,65.75152082016483,0.00476471727594735,0.004482899003982872,0.0002818182719644786,0.3143783907731695,0.34632,0.37826160922683055,18.44629777479241,1.1493098031697992,15.808480174011057,28.88684456249949,18.446750884136616,0.017690744755130747
2024-09-25,0.3878,0.394,0.3788,0.3809,80684494.9,0.35674698070693767,0.4254335,62.079839237517064,0.006411693155576159,0.004903899906889345,0.001507793248686815,0.31537237115623634,0.34911000000000003,0.3828476288437637,19.327792869733713,0.9711356590473056,16.37486011666931,28.074867694861,17.30313701382636,0.017512834245001545
2024-09-26,0.3809,0.404,0.3779,0.4014,95788917.1,0.35849807950274404,0.4254335,67.8279754812812,0.009264318780293046,0.006205220425284984,0.0030590983550080617,0.31636378660111625,0.35344000000000003,0.3905162133988838,20.980202240201326,1.1467758652161042,17.381526067888924,29.12798471143345,15.523502389111126,0.018126203773261462
2024-09-27,0.4015,0.4158,0.3993,0.4017,86996776.4,0.3601922724634207,0.4254335,67.90465000315656,0.011417637218116339,0.0066868310904866215,0.004730806127629717,0.3169647198793757,0.35726,0.39755528012062435,22.557957857372408,1.0514293468983016,18.817116459934894,31.90178908000545,14.50764872420712,0.018010046264914176
2024-09-28,0.4017,0.4059,0.3922,0.4006,55901976.6,0.3617768892295611,0.4254335,67.27156744833663,0.012886845256660284,0.006524831303224453,0.006362013953435831,0.3168112784474481,0.36034,0.4038687215525519,24.159805490676522,0.962453278709259,19.547859035561924,30.13826654085635,16.57053203462213,0.017702185581228738
2024-09-29,0.4006,0.4042,0.3926,0.3975,42444987.1,0.36317779553428414,0.4254335,65.42047455542279,0.01364378209305045,0.0058254145116916935,0.007818367581358756,0.3173777004521278,0.36304,0.4087022995478721,25.15551980380793,0.8773353547807238,20.226405510542254,28.691998212183528,15.775349085448724,0.017266314872054128
2024-09-30,0.3976,0.3977,0.3707,0.3733,80942545.4,0.36357474472901813,0.4254335,53.12985783027127,0.012150854747281503,0.0034659897327381974,0.008684865014543306,0.31963387817275846,0.36455000000000004,0.4094661218272416,24.641954095318383,0.5974037789109957,19.19792092162565,25.611277638838118,22.790588134299185,0.017961578555407354
2024-10-01,0.3733,0.386,0.3424,0.352,137861330.3,0.36312083317101745,0.4254335,45.09878211487222,0.009143565747066096,0.0003669605860182317,0.008776605161047864,0.3195102312144714,0.36449,0.40946976878552854,24.68093433868066,0.3611598020928641,18.92414480728402,21.581504173986016,29.417538429759453,0.019792895497793037
2024-10-02,0.352,0.363,0.3355,0.3432,107703672.0,0.362339624027056,0.4254335,42.25681174733364,0.005981233160036181,-0.0022362976008093467,0.008217530760845528,0.31801515087878596,0.36383,0.409644849121214,25.184756134026347,0.2748546552514182,18.971920148362482,19.49767070982976,28.999774453226046,0.020343403276240176
2024-10-03,0.3432,0.3496,0.3318,0.3453,79813638.7,0.36167140347697535,0.4254335,43.17704902374901,0.0036029813250693654,-0.003691639548620931,0.007294620873690296,0.31655430123079636,0.363065,0.4095756987692037,25.621141541709424,0.3090224349439053,19.177322062372465,18.268118142617933,28.48183402246003,0.020161731517429643
2024-10-04,0.3452,0.3561,0.3429,0.3517,61770930.4,0.36128036804650576,0.4254335,46.001451048584954,0.0022091602996672233,-0.004068368459218459,0.006277528758885683,0.3163478127860133,0.362955,0.40956218721398674,25.682074755265372,0.3792568198942671,18.929619850846176,19.75325188546887,27.116207537439273,0.019664464735906963
2024-10-05,0.3517,0.3558,0.3454,0.351,39356208.5,0.3608772163584075,0.4254335,45.73369347972417,0.00103611920797414,-0.004193127640729235,0.005229246848703375,0.3179769036139035,0.36358,0.4091830963860965,25.085591279001317,0.3620707693454404,18.699610698407472,18.981054362570053,26.056176084783907,0.01900271695256003
2024-10-06,0.351,0.3585,0.3479,0.3575,37440683.0,0.3607447765012151,0.4254335,48.718595865584895,0.0006237808118274568,-0.0036843728295007346,0.004308153641328191,0.3218340189764853,0.36494,0.4080459810235147,23.623598960659123,0.4137010709031142,18.29020898345231,19.248101806926766,24.984135236375494,0.018402522629998468
2024-10-07,0.3574,0.3685,0.3502,0.3512,75937962.2,0.36037047154038315,0.4254335,46.073375964113545,-0.0002089490519550652,-0.0036136821546266054,0.00340473310267154,0.32459209612316986,0.36581,0.4070279038768302,22.535143313102516,0.32277119132915516,17.213340588905787,21.763354259119513,23.20878908532252,0.018395199582114944
2024-10-08,0.3512,0.357,0.3408,0.3448,54948911.4,0.3597598648133093,0.42463117661691546,43.49003975533908,-0.0013695328591697975,-0.0038194127694730702,0.0024498799103032727,0.3246997706289099,0.365845,0.40699022937109003,22.493257729962174,0.24425953723341173,16.769078027540907,20.382568677511326,25.417699315632387,0.018238399554630243
2024-10-09,0.3447,0.348,0.3338,0.3396,69541560.1,0.35896928187945404,0.42378509525754315,41.45614773796646,-0.0026780297695611632,-0.004102327743891548,0.0014242979743303856,0.323022006023246,0.365275,0.40752799397675404,23.1348950663221,0.19617537618605912,16.74155093525418,19.230823738651914,26.766962641994766,0.017949942345645238
2024-10-10,0.3395,0.3418,0.3315,0.3396,51099496.5,0.3582097021979068,0.4229474326181646,41.45614773796646,-0.0036726865538329045,-0.004077587622530632,0.00040490106869772757,0.3212701466861315,0.364645,0.4080198533138685,23.790181307226742,0.21129585362779532,16.84128690010202,18.417861874343714,26.57939904399267,0.017403517720109084
2024-10-11,0.3396,0.355,0.3382,0.3517,49113139.9,0.35795441975877323,0.42223850294037196,48.0168733965762,-0.0034448799141160724,-0.00307982478625104,-0.00036505512786503245,0.3206448697471357,0.36431,0.40797513025286436,23.97141459354085,0.3556056064991032,15.965351103382037,22.57584570561157,24.742156174816408,0.017360409298909512
2024-10-12,0.3517,0.3568,0.3509,0.3532,33454950.9,0.35776797192509585,0.42155155266235833,48.78312992626865,-0.0031074829181656494,-0.0021939422322404933,-0.0009135406859251559,0.32080168782665086,0.364385,0.40796831217334917,23.92157315660587,0.3716825380834693,15.028160452590294,22.777941950358972,24.11181068262043,0.016541808412167472
2024-10-13,0.3532,0.3596,0.3443,0.3486,50520578.7,0.3574084436143078,0.42082566656621545,46.51854222827568,-0.0031746791986242417,-0.0018089108101592686,-0.0013657683884649731,0.3195055804570802,0.36363,0.4077544195429198,24.26885545357632,0.3296861448185135,14.584239866814736,21.26497290140198,25.37552925338736,0.016453107788907722
2024-10-14,0.3485,0.3656,0.3422,0.3643,90929339.3,0.3576787007274722,0.42026322212277056,54.313808316107355,-0.001938725524355367,-0.00045836570871231504,-0.001480359815643052,0.31973856405317036,0.362455,0.4051714359468297,23.57061480560603,0.5215959028311317,13.731081487178448,21.69651019437686,22.87316288502559,0.016949314491724526
2024-10-15,0.3644,0.3711,0.3475,0.3591,133653350.7,0.35773443795384585,0.41965463284791715,51.62960807774869,-0.0013631068277133451,9.380239034376559e-05,-0.0014569092180571107,0.3194824368024162,0.361365,0.40324756319758376,23.180199077156765,0.47296010765488816,12.950537698821444,21.85213124083666,20.660305830345468,0.0174243635599986
2024-10-16,0.3592,0.3611,0.3509,0.3521,72607298.7,0.3575134796027147,0.41898244744644536,48.17791600432804,-0.001454994095840323,1.5320977734302466e-06,-0.0014565261936137532,0.32113160051048506,0.3589,0.39666839948951493,21.046753685993277,0.40997765205952463,12.225747099534743,20.91053413199444,19.7700638661523,0.01690833748713371
2024-10-17,0.3522,0.3551,0.3393,0.3432,110730558.5,0.356952166677118,0.41822839324299815,44.13757232051084,-0.0022203759259017963,-0.0006110797858304344,-0.001609296140071362,0.3231853751165162,0.35597500000000004,0.3887646248834839,18.422431285053083,0.3051975274893308,11.995436167008787,19.50826443641208,23.367699588448023,0.016829170508909537
2024-10-18,0.3432,0.353,0.3426,0.3507,56351424.9,0.3567069836701722,0.41755646893212256,48.08842169276816,-0.002196440027221691,-0.00046971510972026315,-0.001726724917501428,0.327837332432066,0.35348,0.37912266756793406,14.50869501410775,0.44579347112317647,11.78157603098113,18.62299224863302,22.307288776124945,0.016369943963959147
2024-10-19,0.3507,0.357,0.3492,0.3513,41140586.4,0.3564949450948713,0.4168972005845393,48.40281359935494,-0.0021047929268059873,-0.0003024544074436476,-0.0018023385193623397,0.3353712532142714,0.35117000000000004,0.36696874678572866,8.99777702293967,0.5041142503821061,11.241146398877225,19.777706651684632,21.518578127221517,0.015757805010334396
2024-10-20,0.3513,0.3658,0.3482,0.3649,58891202.7,0.35682455509115085,0.4163798155040961,55.04828417106776,-0.0009241031139241573,0.0007025883243505461,-0.0016266914382747034,0.3370150081907717,0.35075,0.36448499180922833,7.83178435308814,1.0151076970607595,10.838484229769263,22.168845958737833,19.816062788663913,0.01588939038651127
2024-10-21,0.3649,0.3729,0.3531,0.3609,97553069.7,0.3569843764601253,0.41582777753888117,52.8906185998468,-0.0003076184672055615,0.0010552583768553136,-0.001362876844060875,0.33676759898666536,0.35119500000000003,0.3656224010133347,8.216176775486366,0.8363391643106759,10.974814358510438,23.366294281979346,18.082741970801074,0.016168719683591962
2024-10-22,0.3609,0.3681,0.355,0.3645,91803259.8,0.3572791067950224,0.41531705338426544,54.6147955467606,0.0004660674351204541,0.0014631554233450635,-0.0009970879882246094,0.3372189362078485,0.35226,0.36730106379215155,8.539751202039136,0.9068861142117767,11.101406614046022,21.995458620155958,17.02187766523414,0.015949525392078993
2024-10-23,0.3645,0.3692,0.3423,0.3497,96931163.7,0.35698188692070776,0.41466414738044194,46.99912568026645,-0.00011370648681924278,0.0007067052011242933,-0.0008204116879435361,0.3377266139479924,0.35248,0.3672333860520076,8.371190451661143,0.40578434027957566,10.490651748209034,19.46955258244828,20.488827397077937,0.01673170224388946
2024-10-24,0.3497,0.3551,0.3396,0.3465,94252442.0,0.3565708325316604,0.41398589715775097,45.52109501683133,-0.0008219201694008582,-1.2067851658576932e-06,-0.0008207133842350005,0.3372392657055947,0.35222000000000003,0.36720073429440536,8.506464308900872,0.3090881298743735,10.133240674141748,18.17443502786744,20.2846456226477,0.016643723502354595
2024-10-25,0.3465,0.3472,0.3141,0.3261,158570967.8,0.3553758979225757,0.4131114106188679,37.438099592497714,-0.0029947722549630296,-0.0017392470965824232,-0.0012555251583806063,0.3321501361226815,0.350975,0.36979986387731845,10.727182208031037,-0.16069534850584363,11.384871998895447,15.763012000448727,27.814971588829263,0.017819171945549675
2024-10-26,0.326,0.335,0.3206,0.3337,84287990.4,0.35452586270992564,0.41232124732912795,41.59864855905657,-0.004056752980062084,-0.002240982257345182,-0.001815770722716902,0.32978797272093757,0.349785,0.36978202727906245,11.43389641011618,0.0978152208443114,12.547101039295244,14.840483650765597,26.187103778058365,0.01757494535448529
2024-10-27,0.3338,0.3424,0.3309,0.3399,37089150.4,0.35395229946639917,0.41160063790296747,44.822433263635226,-0.0043479714629167665,-0.0020257605921598916,-0.002322210870756875,0.3287811546314483,0.34922,0.36965884536855165,11.705426589858355,0.27200277628353076,12.95914885044921,17.212964849307873,24.93217050350833,0.017141020647495526
2024-10-28,0.3398,0.348,0.3303,0.3437,89286920.0,0.3535502485069325,0.410925009665127,46.76215827011837,-0.004223450656459071,-0.0015209918285617571,-0.002702458827897314,0.3286730235213983,0.34916500000000006,0.3696569764786018,11.73770365219981,0.3666551270516353,12.8661871999086,18.274483470014896,23.09749932732199,0.017180947747419163
2024-10-29,0.3438,0.357,0.3428,0.3561,93763509.9,0.3536502387615626,0.4103794871808969,52.615893651566374,-0.003088587339075355,-0.0003089028089424328,-0.002779684530132922,0.32977813219913693,0.34999,0.3702018678008631,11.549968742457267,0.6511488215784563,12.072013393180045,20.97074163668535,21.716816052700995,0.01696802289189635
2024-10-30,0.3562,0.364,0.3507,0.355,94701157.4,0.35370317057483464,0.4098284475074552,52.068944313171556,-0.0022520011235858117,0.00042214672523768846,-0.0026741478488235,0.3310222797669141,0.35076,0.3704977202330859,11.254259455517104,0.6074085545323656,11.58778183647872,22.771158215274404,20.48187348716567,0.016706021237997807
2024-10-31,0.3551,0.3613,0.3402,0.3418,91529863.7,0.35323637957189996,0.40915154753225663,45.90252997769876,-0.002623883705483332,4.021131467213477e-05,-0.0026640950201554667,0.33015338395355637,0.350265,0.3703766160464436,11.483657257472842,0.2895494827354542,11.13817938936606,20.754728192444635,23.07477670887944,0.017019876884726216
2024-11-01,0.3417,0.362,0.3341,0.3575,130382524.7,0.35340358037300196,0.408637601785667,53.02785568361274,-0.0016329212416653638,0.0008249390227920827,-0.0024578602644574465,0.3301566538188327,0.35048,0.37080334618116734,11.597435620387653,0.6727077799448467,11.121025784488635,18.43067669780201,22.93917513076482,0.01779702858380565
2024-11-02,0.3575,0.3639,0.3453,0.3482,79245372.9,0.3531995183975902,0.40803623261367034,48.917669419207584,-0.0015797977017320552,0.0007024500501803129,-0.002282247751912368,0.3301285071871353,0.35046,0.37079149281286466,11.602746569003406,0.4444211986595992,10.950913897544103,17.81933985666854,21.232236658211885,0.017854383688251044
2024-11-03,0.3482,0.3482,0.3275,0.3341,103816230.4,0.35245051767611607,0.40730054870706667,43.4223649630763,-0.0026449596268357523,-0.00029016949993870746,-0.002354790126897045,0.3284690332259543,0.34895,0.3694309667740457,11.738625461553637,0.1374682854615417,11.862943101660584,16.36028068490185,26.534672253951726,0.01805764200705517
2024-11-04,0.334,0.3368,0.3201,0.3263,88647140.4,0.3514250071790135,0.4064945730980411,40.69862342340085,-0.004071568432807704,-0.0013734226447285275,-0.0026981457880791765,0.32515798880463537,0.34731,0.36946201119536465,12.756333647383972,0.025776693260329792,13.082828528106573,15.273713130580512,27.71531158640487,0.0179606675731854
2024-11-05,0.3263,0.3382,0.326,0.3336,80194966.4,0.35072598728964044,0.4057692539627372,44.22481864751793,-0.004560546062183979,-0.0014899202192838416,-0.0030706258429001373,0.32357506576073575,0.346385,0.36919493423926425,13.170278296845563,0.21974930164436154,14.088886078509633,15.085103290426689,26.339070648596103,0.01754919129906765
2024-11-06,0.3336,0.3659,0.3335,0.363,210331494.8,0.3512073211214193,0.4053436892466901,55.66007041425907,-0.002546377013265877,0.0004193990637074087,-0.0029657760769732856,0.3235096380710545,0.347375,0.3712403619289455,13.740402693887301,0.8273572813712278,13.200912978756223,23.840945916601715,23.063613505751093,0.018609963394354147
2024-11-07,0.3631,0.4068,0.3613,0.4065,213370214.5,0.3533756614695989,0.40535519482632504,66.57844522926429,0.002530779671935157,0.004397244599126754,-0.001866464927191597,0.31501729594981254,0.350165,0.38531270405018747,20.074938414854408,1.3014036979422485,14.237415924638682,34.296507424270395,19.412650872897792,0.020530680370787636
2024-11-08,0.4066,0.4587,0.4038,0.4447,478265867.0,0.35695700807863423,0.4057466854250681,72.89135520660105,0.009527061637013612,0.009114821251364168,0.000412240385649445,0.3006571345935484,0.35483499999999996,0.4090128654064515,30.536934297040336,1.3293516118235515,16.572396914938736,44.57349226811377,16.10078513730979,0.022985631863110485
2024-11-09,0.4447,0.4986,0.4272,0.4967,225441944.3,0.36243712540888384,0.4066516935302913,78.7700040879828,0.019048056776183153,0.014908653112426966,0.004139403663756187,0.27916684842825856,0.361425,0.44368315157174143,45.51879453371595,1.3222589337059192,19.424389918781436,46.75453995900273,12.995558071521012,0.02644380113377743
2024-11-10,0.4968,0.6599,0.488,0.5901,1158588378.1,0.3713650812752021,0.40847704981357197,85.04368609667483,0.03374116628093221,0.02368141009374082,0.010059756187191392,0.24365855882018725,0.372885,0.5021114411798128,69.31168654132654,1.3404433257500108,23.439386550954005,62.44849917759245,8.663448352633214,0.03683352995350769
2024-11-11,0.5903,0.6248,0.5575,0.6132,596396671.8,0.3808488035781354,0.410514094094034,86.13498267872859,0.04671108208914371,0.02932106072156185,0.017390021367581856,0.21913590208446648,0.38532,0.5515040979155335,86.25770679722488,1.1856251676854928,27.167597663462963,54.7530076469234,7.595856748318088,0.039009706449443966
2024-11-12,0.6131,0.6541,0.555,0.5709,695933476.4,0.38830179167311046,0.41210997375478986,75.30004254904817,0.052966018040430274,0.028460797338278734,0.02450522070215154,0.21263536633686508,0.39638,0.5801246336631349,92.7113545906125,0.9748982229324672,30.777107687524502,50.635694363889165,6.354159437392833,0.04330187039177766
2024-11-13,0.5709,0.6098,0.5192,0.5783,603213656.1,0.39575270180357675,0.4137636058567323,75.87184639219204,0.05785332093057877,0.026678480182741778,0.03117484074783699,0.20961135410827267,0.40797,0.6063286458917273,97.24178046999891,0.9293485651565032,32.8545560793592,43.61591880021785,10.95125422989899,0.04668030830666597
2024-11-14,0.5783,0.6,0.5417,0.5792,351116093.6,0.4029467134975541,0.41540973913178963,75.94478468373948,0.06109490215869412,0.023936049128685702,0.03715885303000842,0.21270924903341326,0.42062499999999997,0.6285407509665867,98.86038678946174,0.8813443648756655,34.78361528131791,39.79297505511969,9.991374671911483,0.047510286304318
2024-11-15,0.579,0.7075,0.5747,0.7071,883876827.2,0.41487429336039516,0.41831212978719473,83.55357630320071,0.07314121335270252,0.028785888258155277,0.04435532509454724,0.2010995384563347,0.439295,0.6774904615436653,108.44442187762908,1.0621538678034523,37.31757958338348,47.076087285772886,8.223257723884307,0.05360240884444747
2024-11-16,0.7071,0.8193,0.7026,0.7416,1131924924.1,0.4276870661697914,0.42152892451568036,84.93757176610261,0.08449782510467257,0.03211400000810027,0.05238382509657231,0.19212499368580616,0.45938,0.7266350063141939,116.3546546711628,1.0279975928088187,40.14828051988235,54.06564087225319,7.043642167980853,0.058109379732841006
2024-11-17,0.7416,0.7798,0.6893,0.7026,474262736.4,0.43846796553568196,0.4243256516349273,77.04468172270208,0.08932140610573552,0.029550064807330564,0.05977134129840496,0.1957367056765324,0.477325,0.7589132943234675,117.98598201370872,0.9000077498626791,42.42284372843492,48.281489431752064,7.862335201532345,0.060422995509857795
2024-11-18,0.7026,0.7839,0.7002,0.7325,442341128.2,0.4499986335538905,0.42739206306144545,78.68039308097862,0.09446784243299866,0.02775720090767496,0.0667106415253237,0.19956625177282195,0.496145,0.7927237482271781,119.55325488604261,0.8984692116559766,44.55336572550679,44.10389492094416,7.105227206951468,0.062085638716851736
2024-11-19,0.7324,0.765,0.72,0.7387,297007303.0,0.46132025576746344,0.4304896544737694,79.01432011432273,0.09791798095227311,0.02496587154155952,0.07295210941071359,0.2082975906357768,0.51533,0.8223624093642231,119.15953247985686,0.8637563872532803,46.531707566456994,41.77477355099963,6.730001015348986,0.06086523593151008
2024-11-20,0.7386,0.8484,0.7384,0.8003,729698432.0,0.47461357907070023,0.43416935940437873,82.02648719255166,0.10441916661891526,0.025173645766561337,0.07924552085235392,0.21827730405854862,0.538255,0.8582326959414515,118.89446301156568,0.9094738529024664,48.72257546324689,45.92987257371482,5.9085844162152865,0.06437486198941528
2024-11-21,0.8003,0.8239,0.7655,0.8218,486701467.7,0.48822873283263357,0.43802638070383765,82.9465363754715,0.11003782585495792,0.024633844002083183,0.08540398185287473,0.23014680370973123,0.56147,0.8927931962902689,118.01991069523531,0.8928641322352924,50.7569527840337,42.93379877343335,5.523158679669592,0.06394808612704246
2024-11-22,0.8219,1.044,0.8123,1.0175,1031366149.7,0.5089844687999813,0.44379228736350096,88.64451499894948,0.12879731299596053,0.03471466491446863,0.0940826480814919,0.22373250930253702,0.594935,0.9661374906974629,124.78757870942638,1.0691839502558707,53.2213391423068,54.280886187942734,4.319315180151869,0.07593036584545672
2024-11-23,1.0175,1.1542,1.0157,1.0658,919763706.7,0.5308203719842958,0.4499814188325209,89.57071296938103,0.14588013268767508,0.041437987684946526,0.10444214500272855,0.2275729361413798,0.6315200000000001,1.0354670638586203,127.92851021618323,1.0375456821639335,55.67820080802286,57.39221669506345,3.78784045881035,0.08039962548197505
2024-11-24,1.0659,1.0978,0.9364,1.0226,581357178.0,0.5501058475927547,0.4556791161575705,83.04632392967602,0.15415550272890255,0.03977068618093918,0.11438481654796337,0.2536828982241816,0.6663349999999999,1.0789871017758181,123.85724951437888,0.9316771906247897,56.481009336009166,49.71515615371296,9.853373492200404,0.0861853665839512
2024-11-25,1.0228,1.0778,0.9294,0.9435,504171181.2,0.565533069255784,0.46053305530028127,72.61629894583842,0.15257232537967735,0.030550007065371185,0.12202231831430617,0.2971006560683837,0.6968300000000001,1.0965593439316164,114.7279376409214,0.8085462748041322,57.102723912924525,43.90047104768012,9.252620996063897,0.09062926901715258
2024-11-26,0.9435,0.9899,0.8743,0.9603,479192975.7,0.5810141253634002,0.465505860720179,73.3809699867437,0.15093339924704008,0.02312886474618711,0.12780453450085297,0.3422334675939602,0.7266950000000001,1.11115653240604,105.81097500493048,0.8038080279944415,56.72584935764837,39.97793974333835,12.68473105225421,0.09241289267605553
2024-11-27,0.9602,1.0419,0.9312,1.0116,383499059.9,0.5978998459373845,0.4709396332503265,75.61975943591973,0.152021609265663,0.01937365981184802,0.13264794945381497,0.3829467727411961,0.75695,1.1309532272588039,98.81847605754776,0.8404382388173707,56.637231452418206,40.56818530267708,11.614512006521075,0.09371911463951066
2024-11-28,1.0114,1.0491,0.9693,1.0321,254849669.5,0.6149273029594479,0.4765233184916168,76.47136584627758,0.1527770831062859,0.01610330692197673,0.13667377618430918,0.4229062985521864,0.78632,1.1497337014478135,92.43404757549433,0.8381545591440699,56.5905491495383,38.62900713686605,10.900542785852203,0.09272489215695892
2024-11-29,1.0321,1.0996,1.0274,1.0755,351237724.5,0.632988977353195,0.48248328547179975,78.20692714731148,0.15509003744744299,0.014733009010507031,0.14035702843693595,0.4565560975958017,0.81526,1.1739639024041983,87.99742472443107,0.8627504443856784,56.792395331464306,40.39868774232501,10.284540391606164,0.09125882842009571
2024-11-30,1.0754,1.1498,1.0498,1.079,369560299.2,0.6504796056922855,0.4884187751685978,78.34565107279485,0.15541397560706816,0.012045557736105744,0.1433684178709624,0.47907969597933003,0.839705,1.20033030402067,85.89333254432688,0.8317778832101645,57.20319139190381,41.16062654541121,9.485036183367523,0.09188319782315515
2024-12-01,1.079,1.1633,1.0375,1.1496,372853685.8,0.6700529544886664,0.4949976928286117,80.97622727983297,0.15952858270526948,0.012928131867445652,0.14660045083782383,0.49758131933857336,0.866525,1.2354686806614266,85.15476891293999,0.8836290128245524,57.64304660337249,38.261239833974344,8.581276269410782,0.0943058265662675
2024-12-02,1.1497,1.2424,1.0567,1.2022,866951754.4,0.6909214660773462,0.502034531705939,82.66579432105382,0.16513029957474035,0.01482387898953319,0.15030642058520716,0.5276972954282162,0.89809,1.268482704571784,82.4845404295302,0.9105237444560168,58.368313142069205,38.83140459748213,7.452445503764382,0.10083398185205661
2024-12-03,1.2022,1.3264,1.1401,1.1914,802151381.2,0.7105480752507837,0.5088938895994123,81.07365442722696,0.16677574385053962,0.013175458612265961,0.15360028523827365,0.5679336061943152,0.9287449999999999,1.2895563938056847,77.69869960122203,0.8639782508385159,59.321515896077365,39.61002780992287,6.525084689838192,0.10693869746923991
2024-12-04,1.1915,1.2417,1.1403,1.1871,383350912.1,0.7292363860252628,0.5156422091058859,80.40961669660577,0.16582131137316813,0.009776820907915568,0.15604449046525257,0.6194304805572841,0.95914,1.2988495194427159,70.83627404606541,0.8355219488314047,60.20663273710152,36.9173162366545,6.081505827808664,0.10654307621931959
2024-12-05,1.1871,1.2445,1.1138,1.1597,413686149.8,0.7461173120634877,0.5220507443386632,76.13064599561166,0.16099808010031957,0.003962871708053595,0.15703520839226598,0.6520820863604475,0.98177,1.3114579136395526,67.16194498498682,0.7698461069375607,60.5060230989244,33.734033075169584,7.305411464964805,0.10826857078365809
2024-12-06,1.1599,1.2375,1.1336,1.2278,311787487.7,0.7650068292374687,0.5290731249920099,79.10657275462269,0.16081693787685913,0.0030253835876745128,0.15779155428918462,0.679124280673971,1.00608,1.3330357193260292,64.99596837747079,0.839067321496995,60.78402843436564,31.415000423590044,6.803203866996125,0.10795653001195675
2024-12-07,1.2278,1.2369,1.1881,1.2103,165417822.9,0.7824693065222738,0.535851501857761,76.46818880131306,0.15744633427868504,-0.0002761760083996867,0.15772251028708473,0.7244738126672019,1.031465,1.3384561873327983,59.525274698181356,0.7912705761259056,61.04217624538364,30.359350240619758,6.574593225259966,0.10373106356442384
2024-12-08,1.2103,1.224,1.1723,1.1936,255648168.3,0.798592078815518,0.5423962630333057,73.93403515309868,0.15167909403192548,-0.004834733004127401,0.15651382703605288,0.7725643396560351,1.05452,1.3364756603439647,53.4756401668939,0.746634523723221,60.920820487559965,29.238386003560542,7.460245379643606,0.10001455900931908
2024-12-09,1.1936,1.1936,0.91,1.0034,618530935.0,0.8066237619992231,0.5469833648936708,52.567007271767515,0.13025941470432856,-0.021003529865379456,0.151262944569708,0.8240902099707443,1.067755,1.3114197900292557,45.64058047571881,0.3679435793897979,56.770805395637026,24.002837013656425,22.685929117821225,0.11312780484282098
2024-12-10,1.0035,1.0378,0.91,1.0215,628873381.3,0.8150502811365086,0.5517049234519428,53.93145514067774,0.11343705153080585,-0.030260714431121716,0.14369776596192757,0.8666718759068509,1.078815,1.2909581240931494,39.328916281873944,0.36491431139942626,52.91721995867283,22.08376504860598,20.872146415953004,0.11417581878621529
2024-12-11,1.0215,1.115,0.9718,1.0868,361950376.3,0.8257071328566455,0.557029252571824,58.56259848767375,0.10417352424065773,-0.03161939337701586,0.1357929176176736,0.9157021209692886,1.0920649999999998,1.268427879030711,32.298971037568506,0.48507338951105744,50.08858789480032,24.884161399557016,19.035637819560304,0.11624897459380494
2024-12-12,1.0869,1.1819,1.0728,1.1231,338015830.6,0.8373695982348163,0.5626617973223531,60.914798314394595,0.09862433876557697,-0.029734863081677304,0.12835920184725427,0.9239293204897512,1.097345,1.2707606795102488,31.60640992764333,0.5742579911826192,48.028940086948666,27.33744044792203,17.753936225628777,0.11573833354987963
2024-12-13,1.1231,1.1308,1.0774,1.1213,180296167.7,0.8485041237942352,0.5682203864037227,60.730703914106556,0.09300917249574936,-0.02828002348120394,0.1212891959769533,0.92703636010298,1.10012,1.2732036398970201,31.46632001909248,0.5611842922086727,46.11640998185753,26.400456569172448,17.145424537804438,0.11128559542694183
2024-12-14,1.1213,1.1332,1.0431,1.061,138860581.3,0.8568372954101475,0.5731236661409992,54.76018392809955,0.08273963570319753,-0.030839648219004617,0.11357928392220215,0.9316070055417635,1.1020400000000001,1.2724729944582367,30.93045523905423,0.3796007776239105,43.89328404752807,24.852655018423896,18.37211742254981,0.10977233860687156
2024-12-15,1.0609,1.1123,1.0389,1.0996,139414086.3,0.8663574014724947,0.5783622366271585,57.63162758030612,0.0768300027665465,-0.029399424924524534,0.10622942769107104,0.9556440340497138,1.109845,1.2640459659502863,27.787838112580815,0.46678036373876197,41.77340394868543,23.636888713756967,17.753290163633928,0.1071743144145126
2024-12-16,1.0995,1.121,1.0474,1.0775,220525179.7,0.8746375033755341,0.583328781536341,55.46113707948234,0.06956142992140335,-0.02933439821573415,0.0988958281371375,0.976503427092215,1.115705,1.2549065729077848,24.953114471618377,0.36277094718854497,39.89601239401037,23.044009091843193,16.86251889949674,0.10477614909391554
2024-12-17,1.0775,1.1119,1.0418,1.0522,252529517.4,0.8816007385372779,0.587994166794686,53.000270751642745,0.06105572265046333,-0.030272084389339343,0.09132780703980267,0.983572407970771,1.117735,1.2518975920292288,24.006153878912073,0.2557627688583929,38.06859951951637,21.916096517115864,16.428175269818194,0.10229928129643431
2024-12-18,1.0523,1.0602,0.958,0.9681,375972520.0,0.8849928664377769,0.5917763143887687,45.73563092858425,0.04698708336239976,-0.035472578941922336,0.0824596623043221,0.9697244441002266,1.1145349999999998,1.259345555899773,25.985824743013584,-0.005608859416819652,35.47954179202791,20.35207188112088,21.107376595561323,0.10229218977524698
2024-12-19,0.9682,0.989,0.8475,0.8806,447732655.1,0.8848205971657072,0.5946501819072884,39.64671535605232,0.028449122856225806,-0.043208431558477034,0.07165755441470284,0.9280681632055581,1.10479,1.2815118367944418,31.991932728290788,-0.13430191782346548,34.246276290537416,18.394740829295753,26.587778027340114,0.10509274765337548
2024-12-20,0.8806,0.9596,0.762,0.9501,594787205.1,0.8873805737474442,0.5981869960176636,45.817058174031246,0.019145032740491397,-0.042010017339369154,0.06115505007986055,0.9093549740727005,1.098345,1.2873350259272993,34.413599720907264,0.10779676262643942,33.81458905651243,16.070410672326258,28.69561983005185,0.11170040854608233
2024-12-21,0.95,0.9979,0.8867,0.9052,289558064.4,0.8880793747769562,0.6012418517786818,42.77449572613935,0.008055560054483046,-0.04247959202030201,0.05053515207478505,0.8810506244676061,1.086125,1.2911993755323938,37.762573466662474,0.058879553990350345,32.904219832203744,17.3772381498739,26.65446196581789,0.11166466507845076
2024-12-22,0.9053,0.9249,0.8589,0.8834,234703947.6,0.8878958698837423,0.604049395542078,41.339111164558,-0.002463605839734262,-0.04239900633161545,0.03993540049188119,0.8543981396493259,1.070185,1.285971860350674,40.32702016019176,0.06720024635314524,32.293866183660676,16.621527156915672,27.327088594800045,0.10840290328253385
2024-12-23,0.8835,0.9425,0.8619,0.9264,245984682.7,0.8894058357706542,0.607256864243152,45.24234742641666,-0.007246842869793602,-0.037745794689339834,0.030498951819546233,0.8400066037490681,1.056935,1.2738633962509318,41.04857843688247,0.19912883178050228,31.481658712364368,16.903641711859805,25.848697169619218,0.10641698161689563
2024-12-24,0.9265,0.9507,0.8918,0.9358,165078579.2,0.8912252147600404,0.6105259501710808,46.08687682680856,-0.010161950595682923,-0.03252872193218333,0.022366771336500404,0.8299578632166515,1.04437,1.2587821367833485,41.06056987147246,0.24681936939580992,30.609352280048526,16.78187649721717,24.793114870348845,0.10302291149727676
2024-12-25,0.9357,0.9403,0.9,0.9176,95106199.7,0.8922595200635681,0.6135814133534582,44.6509610094761,-0.013781913052198003,-0.028918947510958727,0.015137034458760724,0.8179279637696711,1.032265,1.246602036230329,41.52752175658942,0.23251239725835385,29.799353450423805,16.29165420243864,24.06887299736965,0.09854270352812783
2024-12-26,0.9176,0.9281,0.8507,0.8611,131074807.3,0.8910375781002909,0.616044284862379,40.43874079244539,-0.020968129642889966,-0.02888413128132055,0.007916001638430587,0.8070281382394027,1.01393,1.2208318617605973,40.81186309914833,0.13067031224485295,29.549183722319363,15.363413001064547,26.32663560558171,0.09703251041739275
2024-12-27,0.8611,0.9147,0.855,0.8771,134800242.8,0.8904910064100835,0.618641854167231,42.10438465962977,-0.02508304999579214,-0.026399241307378182,0.001316191311586042,0.8030268214839931,0.99727,1.191513178516007,38.95498280626248,0.19067124797358792,29.316883260602765,14.669158181347717,25.136965468169063,0.09436590252784045
2024-12-28,0.8771,0.9,0.8662,0.8895,79029125.6,0.8904521434136097,0.6213369600959153,43.42486002166413,-0.027031969930450206,-0.022678528993629,-0.004353440936821208,0.8048097459170779,0.9820650000000001,1.1593202540829224,36.09847700160829,0.23889349435956045,29.101175689090415,14.275825986077498,24.462954206732228,0.09003976662908446
2024-12-29,0.8895,0.9123,0.851,0.859,105900380.7,0.8892187260248406,0.6237017664631203,40.95080201676941,-0.03068389329885235,-0.021064361889624912,-0.009619531409227437,0.7900508607531036,0.974845,1.1596391392468963,37.91251722004962,0.18655661788812491,29.071624655131536,13.56540539785218,24.479532081291147,0.08798692615385549
2024-12-30,0.859,0.9048,0.8296,0.8615,168318692.6,0.8881317171611214,0.6260679180406017,41.246284431529695,-0.03299598262396686,-0.018701160971791538,-0.014294821652175322,0.7770373239170729,0.9668449999999998,1.1566526760829268,39.263310268538795,0.22249541700838643,29.28293519718646,12.728577384391775,24.724923234836833,0.08707357428501114
2024-12-31,0.8616,0.8791,0.8397,0.8451,107355712.5,0.8864441988410774,0.6282473417416903,39.83795831901519,-0.03573968813368367,-0.017155893185206675,-0.018583794948476992,0.7662678420729357,0.9547599999999999,1.143252157927064,39.48472033329091,0.2091125667879717,29.479152129035157,12.300436195944211,23.89327035656479,0.08366831897647459
2025-01-01,0.845,0.9355,0.838,0.9222,171861317.3,0.8878463871218195,0.6311722438139123,48.70517228952483,-0.03133159771384708,-0.01019824221229607,-0.021133355501551012,0.7724650505079863,0.9447150000000001,1.1169649494920137,36.46601345210221,0.4346443930276917,28.479567015335068,16.047273764503384,21.92768044764596,0.08465629619310461
2025-01-02,0.9222,0.9828,0.9222,0.9612,194982188.5,0.8907229993915522,0.6344561020844207,52.517523447479505,-0.024409799262820275,-0.00262115500901541,-0.021788644253804865,0.784290763681216,0.9367099999999999,1.0891292363187839,32.54352709350471,0.5803376286073872,26.712705016571743,19.283370690630058,20.78326481957613,0.08293798932109636
2025-01-03,0.9612,1.1194,0.9569,1.0894,388427400.9,0.8985142543173738,0.6389829070388047,62.4081016413763,-0.008481782820986439,0.010645489146254742,-0.01912727196724118,0.7806599888867682,0.9381299999999999,1.0956000111132316,33.571042630175285,0.9803136766505547,26.31750677436576,27.767697564398908,18.061174672522377,0.08862099008716805
2025-01-04,1.0894,1.1144,1.0565,1.0707,168969002.6,0.9052666365010061,0.6432785995060804,60.43074709641379,0.002602352941943109,0.017383699927347434,-0.014781346985404325,0.7847346755515102,0.936685,1.0886353244484899,32.44427410463279,0.9409829346742532,25.950536978114297,26.438949021169204,17.1969056966927,0.08642663365118969
2025-01-05,1.0707,1.115,1.0521,1.0911,171630835.3,0.9125542193833197,0.6477345338393532,61.85079284218021,0.012884198876523811,0.022132436689542512,-0.009248237813018699,0.7828008479465522,0.937365,1.0919291520534478,32.978434665994094,0.997317773744972,25.53278818988361,25.037275821183794,16.656059134593335,0.08474615981812228
2025-01-06,1.0911,1.1162,1.0575,1.0934,181395918.9,0.9196462107800523,0.6521690160897079,62.016302778628834,0.02097642348194706,0.024179729035972607,-0.0032033055540255477,0.7778543606498962,0.939425,1.1009956393501037,34.39777296752881,0.9764943699528076,25.159749105624417,23.874152759270718,15.8134957028013,0.08288571983025045
2025-01-07,1.0934,1.1519,0.988,0.9892,365562839.2,0.9223738103573051,0.6555225582181685,51.18242400073618,0.0187651872214446,0.017574794220376118,0.0011903930010684822,0.7779017775961328,0.94048,1.1030582224038672,34.57345661871964,0.6498355661651062,23.611975216141733,20.72212409595171,19.324143077472296,0.08867245413058251
2025-01-08,0.9893,1.0242,0.9079,0.9468,369801375.9,0.9233317001472148,0.6584208412209728,47.54288440827437,0.013436552690037296,0.00979692775117505,0.003639624938862245,0.7835441900703755,0.9437899999999999,1.1040358099296244,33.95793766190031,0.5093918212317751,22.76906350609035,18.823066999192086,23.86505078552713,0.09064585026490171
2025-01-09,0.9467,0.9604,0.8798,0.9045,239358339.9,0.9225932021022261,0.6608693900645453,44.16847916127565,0.005734214493749112,0.0016756716439094935,0.004058542849839619,0.7803929506228429,0.9415100000000001,1.1026270493771573,34.22524442165398,0.3851456126366745,22.319622440940073,17.61802811400013,24.569164912488567,0.08992828953142791
2025-01-10,0.9045,0.974,0.904,0.9303,208259628.3,0.9228954294707663,0.6635502916559429,46.65542316822455,0.001692391525218384,-0.0018929210596969883,0.0035853125849153724,0.7824096037702463,0.942765,1.1031203962297536,34.01810551510793,0.461133206948208,21.679021334484712,17.720313102566546,23.181152412629974,0.08850484027869208
2025-01-11,0.9303,1.0176,0.9134,0.9955,146491610.6,0.9257426675307363,0.6668532738285207,52.42303301758449,0.0037075741963100706,9.78092891157586e-05,0.003609764907194312,0.7888722119275589,0.9483699999999999,1.107867788072441,33.636194327623414,0.6477449956189816,20.397654623059097,19.72351492514664,21.25610662375255,0.08962592311628742
2025-01-12,0.9955,1.0369,0.9613,0.9677,196542136.0,0.9273880531177663,0.669846773591421,49.94351869826527,0.003026505642933941,-0.00046660741140829715,0.003493113054342238,0.7910590887084836,0.950435,1.1098109112915164,33.53746680025807,0.5541643961753429,18.961430641711242,20.077258121013198,19.960939589500963,0.08862407146482608
2025-01-13,0.9676,0.9938,0.8758,0.9444,288677979.1,0.9280551882896186,0.6725786464910088,47.898658438812056,0.0005997253729905783,-0.0023147101450813282,0.0029144355180719065,0.7916029860104697,0.950865,1.11012701398953,33.498343926746735,0.4797032580524038,18.706454237916887,18.21197795202521,24.83815088974238,0.09072235207506082
2025-01-14,0.9444,1.0109,0.938,0.9972,187168513.0,0.9307667495331631,0.6758087097100038,52.63164712553281,0.002903533134453795,-8.721906894489356e-06,0.0029122550413482845,0.7951293091615564,0.954845,1.1145606908384438,33.45374188238796,0.6325949873104296,18.20114058264236,18.51729591450652,23.3922395065346,0.08944932692651575
2025-01-15,0.9972,1.09,0.9879,1.0755,384217805.3,0.9364425632769606,0.6797857374740834,58.633047617545174,0.010921575874808576,0.006407456666768233,0.004514119208040342,0.8036905761400175,0.965565,1.1274394238599825,33.52947214532062,0.8395687761492545,17.183677507711423,23.275923311893642,21.504129956707065,0.09035294643197979
2025-01-16,1.0755,1.145,1.0273,1.0892,383249639.4,0.9424330509915896,0.6838595112305602,59.59757648759609,0.018171933282496222,0.010926251259564704,0.0072456820229315185,0.8111082648824954,0.9761700000000001,1.1412317351175048,33.81823557730818,0.8423870466390521,16.888331497057436,25.411997606665217,19.545560735450078,0.09230630740155597
2025-01-17,1.0893,1.1662,1.0854,1.133,276530914.4,0.949906264678194,0.6883285708203059,62.599997321474945,0.027139342268205913,0.015914928196219515,0.011224414071986398,0.8149401387647933,0.988345,1.1617498612352066,35.08994556257312,0.9171019167789931,16.848918431046506,25.46408343672227,18.31250053284557,0.0914844283012761
2025-01-18,1.1331,1.1466,1.0482,1.1045,256781980.9,0.9559687641025785,0.6924695800658749,59.50152461474791,0.031582305521759446,0.016286313159818436,0.01529599236194101,0.8308586545764871,1.00062,1.170381345423513,33.93123172103555,0.8059589323495429,16.258172014301,23.518233826473644,19.802019497329567,0.09197839770842198
2025-01-19,1.1044,1.152,0.9636,0.993,560820593.6,0.9574209694318891,0.6954599325030304,49.23424609596211,0.02580876042956648,0.008410214454100375,0.017398545975466105,0.8497569807670293,1.007195,1.1646330192329708,31.262668943545336,0.45491876717848295,15.572968964412397,20.317038908432906,23.2188492250518,0.09886565501618248
2025-01-20,0.993,1.1014,0.9594,1.0094,464297968.4,0.9594593627875013,0.6985837142691694,50.58488944622159,0.022299472845317636,0.003920741495881223,0.018378731349436413,0.8766195118532927,1.01541,1.1542004881467072,27.336836971608957,0.4783486603431821,14.98637741251395,18.2956604394283,21.203035944681684,0.10194667965839019
2025-01-21,1.0095,1.0288,0.9508,1.0058,303337850.2,0.9612766426781876,0.7016405927341528,50.268726432184984,0.019008726471956727,0.000503996098016251,0.018504730373940476,0.8874016510429105,1.01959,1.1517783489570896,25.929706834529487,0.44783957849236594,14.548637447888586,17.278732795141288,20.63734583066457,0.10023620253967265
2025-01-22,1.0059,1.0199,0.9759,0.9827,147886319.8,0.9621167743378666,0.7044372037517234,48.187502375355066,0.014371147672634699,-0.003306866161044624,0.017678013833679323,0.8900532352159604,1.020665,1.1512767647840394,25.593464022777216,0.3546647001410125,14.142164623617726,16.714349440278568,19.96325852267357,0.0962193309291267
2025-01-23,0.9827,1.0118,0.9512,0.9867,192569354.5,0.9630808224030483,0.7072457887890197,48.58446354002907,0.010893031545842202,-0.0054279858302696965,0.0163210173761119,0.8880945873393064,1.01553,1.1429654126606936,25.09732113491352,0.3868838755332397,14.097313724812926,15.942006941085205,20.92419891878198,0.09367509300528279
2025-01-24,0.9867,1.01,0.9636,0.9712,124426928.3,0.9633992215244974,0.7098721988508205,47.07924562485989,0.006807407440282742,-0.007610887948663325,0.014418295388946067,0.8843604442537188,1.010555,1.1367495557462814,24.975296890576224,0.3440701353268962,14.05566646163917,15.35687559875036,20.156202477312934,0.0902983006473499
2025-01-25,0.9712,0.9919,0.9642,0.9766,56721656.8,0.9639168991117721,0.7125262068224542,47.687318587546585,0.003959611831194532,-0.008366946846201229,0.01232655867739576,0.8834749325326656,1.0048300000000001,1.1261850674673346,24.154347992662334,0.38368841701810746,14.016994002979665,15.002853232695788,19.69154113094675,0.08582699345774605
2025-01-26,0.9766,1.0003,0.9515,0.953,73197919.3,0.9634887854211145,0.7149189808839224,45.24072330849286,-0.0001993119289876999,-0.01002069648510677,0.00982138455611907,0.881627937701204,0.9978100000000001,1.1139920622987962,23.28741189180227,0.3071561172465758,14.177317818299192,14.37416518785736,19.95692479848393,0.0831822082104855
2025-01-27,0.953,0.9587,0.8568,0.9345,257950415.8,0.9623519703065609,0.7171038666462715,43.362621343016414,-0.004931240095181977,-0.011802099721040838,0.00687085962585886,0.8756800440763878,0.9950750000000002,1.1144699559236124,23.99717728284045,0.24632512935154743,15.541848748637156,13.136299752521262,26.241540728420635,0.0845191933384388
2025-01-28,0.9346,0.9684,0.9031,0.9169,124707222.9,0.9605695400984605,0.7190918878736718,41.59356605258663,-0.009986383358209672,-0.013485794387254826,0.003499411029045154,0.8710957708110904,0.99358,1.1160642291889096,24.655131783834136,0.18698010957094327,16.600160763719195,13.232687083884032,24.769461929367232,0.08314639381413987
2025-01-29,0.9168,0.9603,0.9018,0.9399,135142289.7,0.9597589698985208,0.7212889835167199,44.764892391428496,-0.011998402913479644,-0.012398251154019838,0.00039984824054019406,0.8771166967390264,0.99535,1.1135833032609734,23.757131312799224,0.26550600181741313,17.598572497219514,12.553285578684807,23.61182640923327,0.08138593711298134
2025-01-30,0.9398,0.9886,0.9363,0.9595,86721138.9,0.9597488142162258,0.7236592423872004,47.386630336622524,-0.011874504811044684,-0.009819482441267902,-0.0020550223697767813,0.8811322942827731,0.99681,1.1124877057172269,23.209579702696985,0.3387329703304978,17.88334083192523,14.510801141559275,22.499623030954982,0.07930837017617705
2025-01-31,0.9595,0.9837,0.9347,0.9429,113818765.2,0.9590880764038248,0.7258407424629497,45.42028136398482,-0.012966328180236242,-0.008729044648367568,-0.004237283531868674,0.8761351847813664,0.9941800000000001,1.1122248152186336,23.747171582335913,0.28279435693544375,18.171156168459852,13.852446091213208,21.62696206943133,0.0771434865920069
2025-02-01,0.9428,0.9576,0.8875,0.8948,88384785.8,0.9565669753683806,0.7275219291051094,40.21319246129237,-0.017511017963161346,-0.010618987545034137,-0.006892030418127209,0.8651696415471908,0.990535,1.1159003584528093,25.312655979406937,0.11817602094586155,19.091660385698614,12.94742479387529,24.613032432024028,0.07664038040682958
2025-02-02,0.8947,0.9113,0.7513,0.8052,340523726.6,0.9506310155500128,0.7282948452334168,32.69414574153512,-0.028019694938807405,-0.016902131616544157,-0.011117563322263248,0.8353628834237856,0.9835750000000001,1.1317871165762146,30.137430613062442,-0.10175579473718353,21.260429333618852,11.15589726903818,32.986037659392615,0.08259463894957239
2025-02-03,0.8051,0.8245,0.506,0.812,1336951229.5,0.9451945051362869,0.7291277323455222,33.7072309562522,-0.03539122596031008,-0.019418930110437466,-0.015972295849872614,0.8085612395599986,0.974315,1.1400687604400015,34.024675888188405,0.010373099321768348,24.50558519334032,8.603766874972836,43.0590456540141,0.09944502188272727
2025-02-04,0.8121,0.8198,0.715,0.7439,336202720.8,0.9373006029740796,0.7292747200833778,28.999547620679415,-0.046195801820913984,-0.024178804776833096,-0.022016997044080888,0.770798494469375,0.9577350000000001,1.1446715055306254,39.03720873323522,-0.07194553678272403,27.518944205870593,7.958600688292391,39.83019941836024,0.09982752031969601
2025-02-05,0.744,0.7764,0.7251,0.7325,174717874.3,0.9292692067790176,0.7293068124208567,28.287320672340446,-0.055043879183826805,-0.02642150571179673,-0.028622373472030074,0.7389958935213081,0.9399,1.1408041064786918,42.75010245317414,-0.016166651929528993,30.317063288875584,7.655962635142713,38.3155947182817,0.09636126886811508
2025-02-06,0.7325,0.766,0.6978,0.7052,187578647.3,0.9204821790621934,0.7290669436405497,26.60235979771706,-0.06352663063130759,-0.02792340572742201,-0.03560322490388558,0.7133475580180388,0.91851,1.1236724419819613,44.672881510699106,-0.01985635855015598,33.02299431130891,7.260673031751987,38.40407738186352,0.09434974966315592
2025-02-07,0.7052,0.7532,0.6902,0.7072,206190185.9,0.9121181720401467,0.7288493621117881,26.94567731062911,-0.06928916660148421,-0.0269487533580789,-0.04234041324340531,0.6924288951487987,0.8986450000000001,1.1048611048512016,45.89489839729847,0.03581462481278971,35.56605289420616,6.905957390326846,37.11722455487907,0.09211048182997639
2025-02-08,0.7072,0.718,0.6815,0.7005,106440011.1,0.903819420195435,0.7285672789066956,26.498515308139627,-0.07354882678778785,-0.024966730835506032,-0.048582095952281815,0.6655223240398155,0.8840199999999999,1.1025176759601845,49.43274495151343,0.08004129976777945,37.96384930404782,6.701678245484011,36.7243528073671,0.08813830455624691
2025-02-09,0.7006,0.716,0.6503,0.6814,145972643.5,0.8950970899916926,0.72809795274842,25.21393949083309,-0.07757165084500262,-0.023191643914176642,-0.05438000693082597,0.6401725590383531,0.86762,1.0950674409616468,52.43019777359831,0.09063069865138387,40.320457205483514,6.338243658252477,37.3081012282325,0.08653556851645512
2025-02-10,0.6815,0.7245,0.6632,0.7121,168781925.4,0.8879207335214301,0.727938769138983,31.003615065139517,-0.07739042580897437,-0.018408335102518714,-0.05898209070645566,0.625144980244959,0.8529349999999999,1.0807250197550407,53.41321900380236,0.19086661445604597,42.30094037319433,6.727251745651883,35.38020852652148,0.08473302790807441
2025-02-11,0.7121,0.8213,0.7101,0.7781,364029512.7,0.8836140380892171,0.7284378858639683,41.490575753511656,-0.07110154094246823,-0.009695560188810057,-0.061405980753658176,0.620844805508059,0.8427050000000001,1.0645651944919412,52.65429646007584,0.3544015519594553,42.06740866188988,14.092398397585667,32.136055866464375,0.0866235259147014
2025-02-12,0.7782,0.8079,0.7448,0.7997,271335009.3,0.8803232914974831,0.7291469616265158,44.46553093061902,-0.06364100105056181,-0.0017880162375229006,-0.06185298481303891,0.6209986252428431,0.8333549999999998,1.0457113747571567,50.96420487239096,0.4207582064854738,41.850557787109885,13.344646989604493,30.43089679111299,0.08494327406360107
2025-02-13,0.7998,0.8309,0.7693,0.8107,148408733.0,0.877592966340719,0.7299584346451575,45.97212450200471,-0.056193102262879546,0.004527906040127497,-0.06072100830300704,0.6224999519301884,0.8253299999999999,1.0281600480698114,49.151260240100704,0.4639353238358341,41.198149130883245,14.612351942664013,28.823037252471906,0.08327589734472614
2025-02-14,0.8107,0.8293,0.7891,0.7998,144880343.5,0.8745422617783379,0.730653375593962,44.67866692702434,-0.05058699236070252,0.008107212753843622,-0.05869420511454614,0.6257512268048205,0.8164899999999999,1.0072287731951794,46.721643423723364,0.45624906325961984,40.59234109296504,14.089174596361154,27.791063741205143,0.08019904753430925
2025-02-15,0.7997,0.8141,0.7745,0.7811,72649439.8,0.870877859355658,0.7311553320557137,42.47092103353746,-0.04710998896314844,0.009267372921118164,-0.056377361884266605,0.627314608207308,0.807895,0.9884753917926921,44.70392607769376,0.42580866689346614,40.1853032641941,13.57361582930678,28.123237081479985,0.07729911556750346
2025-02-16,0.7811,0.7893,0.7615,0.7714,62651373.5,0.8669767668319067,0.7315557765128708,41.3300677229216,-0.044622764204800824,0.009403678143572625,-0.05402644234837345,0.6282644227302263,0.7997400000000001,0.9712155772697739,42.88283123759567,0.4173643254298125,39.947281194696956,13.208213755792107,28.62500892066861,0.07376346445546035
2025-02-17,0.7714,0.8291,0.7705,0.8089,193681003.3,0.8646992465639889,0.7323253707764243,47.231495917382915,-0.039174109317721695,0.011881866424521409,-0.051055975742243104,0.6313715318842256,0.79434,0.9573084681157745,41.03242141042236,0.5446712182066298,38.84395164780689,16.35899487124088,26.976474034280326,0.07268035985147653
2025-02-18,0.8089,0.814,0.7351,0.7541,173068755.8,0.8603620212085383,0.7325420337537734,40.77663488184487,-0.03883030153647493,0.009780539364614538,-0.04861084090108947,0.6357187775446733,0.7850499999999999,0.9343812224553265,38.04374815752541,0.3963713030298844,38.248574262205665,15.098207173863225,28.355290675734715,0.07312461986209386
2025-02-19,0.7542,0.7761,0.7328,0.7738,118560241.8,0.8569674321415368,0.732952560781099,43.75260106082183,-0.0365469159353673,0.009651139972577744,-0.04619805590794504,0.6496946977872969,0.775765,0.9018353022127031,32.502188733109406,0.4922067292395132,37.723208298050096,14.440455712624516,27.351403010888355,0.07099428987190638
2025-02-20,0.7737,0.8111,0.7703,0.8036,123013598.3,0.8548745916653981,0.733655520375317,48.00859667448208,-0.03196424156486566,0.011387051474463505,-0.043351293039329164,0.6674697873287423,0.7688,0.8701302126712578,26.360617240181515,0.6717158144772696,36.45755165908651,17.460847511428586,26.19346236062278,0.0688375548810203
2025-02-21,0.8036,0.8187,0.7501,0.7621,176129521.6,0.8512363723844022,0.7339385500233239,43.11585540753858,-0.03132010362142568,0.009624951534322787,-0.040945055155748464,0.6789454283836889,0.7621650000000001,0.8453845716163113,21.837678617179012,0.4996094668673628,35.563230633104865,16.21764170716735,26.42504638931056,0.06882058667523287
2025-02-22,0.7622,0.7845,0.7571,0.7734,70048824.6,0.8481839656242296,0.7343312012668729,44.76648988769505,-0.029557088382304086,0.009110373418755507,-0.038667461801059594,0.6795180601367017,0.760575,0.8416319398632983,21.314647434716715,0.5791110546587942,34.73278968041257,15.735721108419366,25.63980434192634,0.06586197334124551
2025-02-23,0.7733,0.7883,0.7596,0.7697,68066469.6,0.8451061630507305,0.7346831296124762,44.31307111716369,-0.02813413241567264,0.008426663508309562,-0.0365607959239822,0.6807420381121432,0.75846,0.8361779618878569,20.49362178304903,0.5723127558093892,33.867714932894344,15.65479135558693,24.808232770690484,0.06320754667397856
2025-02-24,0.7698,0.7774,0.67,0.6816,187852768.2,0.8386941566565842,0.7341549392680734,35.1769223981913,-0.03372658420915886,0.002267369371858674,-0.035993953581017535,0.6708443378724025,0.7553449999999999,0.8398456621275974,22.374057451256697,0.06364247247764908,34.23770707257312,13.845160511036188,31.58426186243428,0.06636415048301887
2025-02-25,0.6816,0.695,0.6302,0.6832,314619948.7,0.8325963465916201,0.733647924946998,35.437263057831146,-0.037596150893979496,-0.0012817578503695679,-0.03631439304360993,0.6631433943142354,0.75288,0.8426166056857646,23.838222740878912,0.11175264281779218,34.98262603931474,12.877900611760547,33.66864898190088,0.06625242544851626
2025-02-26,0.6832,0.6954,0.6312,0.6474,188683060.2,0.8253337447644977,0.7327897366390678,32.31044230763435,-0.043055256975887746,-0.005392691145822248,-0.0376625658300655,0.6510466849150361,0.7499899999999999,0.8489333150849637,26.385235825801356,-0.018428152078312304,35.66403657509598,12.027790487383266,31.333078586756635,0.06610582363076355
2025-02-27,0.6475,0.6798,0.6263,0.6451,119338095.8,0.8182657547737332,0.7319172019461417,32.11438998909569,-0.0470251519748085,-0.007490068915794401,-0.0395350830590141,0.6392494988862762,0.746885,0.8545205011137238,28.822509787644357,0.027177376670278763,36.3482066743122,11.32288971501504,30.033537263609674,0.06520540765712872
2025-02-28,0.6451,0.6466,0.5801,0.6328,258110432.8,0.8109925879198613,0.7309309611307573,31.030030605153147,-0.05058076598279704,-0.00883654633902635,-0.04174421964377069,0.6264003330491396,0.7435,0.8605996669508605,31.499574162975247,0.027325726526387206,37.43893953164725,10.499222432855408,32.90255387168145,0.06529787853876323
2025-03-01,0.6328,0.677,0.6252,0.6593,101845318.3,0.8050438589818275,0.7302182152488593,36.0407745119576,-0.05067612435392432,-0.007145523768122906,-0.04353060058580142,0.622586428102984,0.742395,0.862203571897016,32.27623351369984,0.15321763424646231,37.62626779478775,13.270641008342928,31.01024291508744,0.06433374435741483
2025-03-02,0.6593,1.1488,0.645,1.135,1462027409.9,0.8179833154923442,0.7342458946991195,73.39992512650373,-0.012225751290232845,0.025043879436454863,-0.03726963072668771,0.5556702580941556,0.76354,0.9714097419058444,54.44894619950347,1.393492233632191,37.682007625806285,43.48710424895718,19.352523715609404,0.09572419118927526
2025-03-03,1.1349,1.1747,0.8228,0.8578,1410346466.6,0.8195447541004875,0.7354752887817154,53.71167057254186,-0.0040743108410132844,0.02655625590853954,-0.030630566749552824,0.5556738742064316,0.7675249999999999,0.9793761257935683,55.20370692643716,0.7130623560810475,37.874810473487734,35.52306451801532,15.086351130199425,0.11402246324731798
2025-03-04,0.8577,0.9562,0.7576,0.9409,1103033777.6,0.8243037833514488,0.7375193157590119,57.40065640506979,0.008987636073230165,0.031694562258226394,-0.022706926184996225,0.5498935290893259,0.774585,0.9992764709106741,58.015962330970545,0.8700963799959243,37.25203632144863,31.325959338096503,17.182768162937354,0.12006371587255057
2025-03-05,0.9409,1.0278,0.9136,0.9741,684542897.2,0.8301781447886469,0.7398733524181261,58.81292774286981,0.02176736501090548,0.03557943295672136,-0.013812067945815885,0.5420899840545946,0.7827550000000001,1.0234200159454057,61.49178630488607,0.8975338901010153,37.110936826899625,33.46477420471411,16.01128221443789,0.11964487902450861
2025-03-06,0.9741,0.9886,0.8854,0.9065,426709138.1,0.833171158718504,0.7415313290109806,54.82722591282571,0.02613931942064074,0.0319611098931653,-0.00582179047252456,0.5414926366726476,0.78809,1.0346873633273523,62.581015703118275,0.740087725193585,36.6383446832746,31.382536651231373,16.7152779593879,0.11847024480846542
2025-03-07,0.9065,0.9206,0.8064,0.8181,789791963.0,0.8325801328864058,0.7422932063342544,50.05049641340039,0.02221490399327508,0.02242935557263971,-0.00021445157936463184,0.5430252017395428,0.78994,1.036854798260457,62.5148234702527,0.5570237187045705,35.30124384091543,29.216147769440312,20.336790089261868,0.11816522732214481
2025-03-08,0.818,0.8392,0.7931,0.8052,195763913.6,0.8315064021849782,0.7429191445796848,49.37447723786336,0.01785799841350677,0.014457959994297121,0.0034000384192096485,0.5447832451094359,0.79163,1.038476754890564,62.36417389198592,0.527486689071558,33.91501230030495,28.36491303864973,20.584838428082755,0.11301771108482275
2025-03-09,0.8052,0.8176,0.709,0.7215,341584369.9,0.8271924256287045,0.7427060187629715,45.11647202681827,0.0075640353705145325,0.003331197561043907,0.004232837809470626,0.5387023093123002,0.7872600000000001,1.0358176906877,63.145006906917615,0.36771682699083297,31.76111583981517,26.412593029874856,24.498115264939592,0.11270216029304822
2025-03-10,0.7216,0.7786,0.6582,0.6712,452130529.1,0.8210750756040495,0.741994516088713,42.73152217280106,-0.004599770835482464,-0.007066086915962472,0.0024663160804800077,0.5297649080323785,0.783115,1.0364650919676215,64.70316415025161,0.27912974269947594,29.696433277782948,24.406904052629002,25.841785518317643,0.11325200598640431
2025-03-11,0.6711,0.7444,0.6471,0.7241,418368477.7,0.8172721314627143,0.7418164612022582,45.966558206458295,-0.009857456371970441,-0.00985901796196036,1.5615899899177818e-06,0.5259914946635087,0.78063,1.0352685053364914,65.23923122003801,0.3889995055435574,27.881800582591122,22.893889297954644,24.947017975169487,0.11211257698737082
2025-03-12,0.724,0.77,0.7111,0.736,272406998.1,0.8140849890524118,0.7417585859664149,46.69601427099639,-0.012915102232501141,-0.010333331057992848,-0.002581771174508294,0.5221266690402417,0.77725,1.0323733309597583,65.64768889282941,0.4191567469646542,25.93296633787541,23.692873129791383,23.97800272392315,0.10831167863111578
2025-03-13,0.736,0.742,0.6909,0.703,264883435.2,0.8097287149719251,0.7413729283946098,44.88633218069856,-0.017795991698928315,-0.012171376419536016,-0.005624615279392299,0.5171769455969644,0.774295,1.0314130544030355,66.4134611234828,0.361357460553423,24.33076346036906,22.863140542330008,24.522650682221087,0.10422513015745043
2025-03-14,0.703,0.7514,0.6963,0.7373,200723012.3,0.8068883732083203,0.7413324017439172,47.177749742808615,-0.01868106473730935,-0.01044515956633364,-0.00823590517097571,0.514865801602407,0.77249,1.030114198397593,66.69968501795312,0.43170284426137034,22.736326141814644,22.636365371556977,23.56437233173579,0.10071619228904975
2025-03-15,0.7372,0.7594,0.7309,0.7468,134638523.2,0.8045319664158371,0.7413868057066644,47.824778220058775,-0.01840377364501755,-0.008134294779233473,-0.010269478865784078,0.5134779375433878,0.771345,1.0292120624566121,66.86166694711503,0.45240764802187605,21.160672625876437,22.752124357556248,23.062369535690866,0.0955578928398164
2025-03-16,0.7468,0.7473,0.6936,0.7049,166304049.4,0.8006248304779612,0.7410237529135633,45.195269711247924,-0.02131924331749524,-0.008839811561368928,-0.012479431756126312,0.5160686858558038,0.77251,1.0289513141441962,66.39171380155497,0.3681764671468204,20.13392879494723,21.809351395425885,24.984932708634876,0.09256804335124974
2025-03-17,0.7049,0.732,0.7024,0.7175,124793194.3,0.7973650332043156,0.7407896857203935,46.15404298949447,-0.022355360658410928,-0.007900743121827692,-0.014454617536583236,0.5197444555570068,0.774225,1.0287055444429933,65.73813670263638,0.3885474720196005,19.18052380908543,21.285778902807497,24.385124706141674,0.08807032596900598
2025-03-18,0.7175,0.7184,0.6816,0.7017,124187049.1,0.7936134632747347,0.7404007336236732,45.088826132241806,-0.024172770419431222,-0.0077745223062783905,-0.01639824811315283,0.526808191546932,0.77694,1.027071808453068,64.38896400058381,0.349599296336361,18.549938421091298,20.622914194315797,25.385897459139674,0.0844081598283539
2025-03-19,0.7017,0.747,0.7003,0.7436,203333627.3,0.791652150989451,0.7404325671199551,48.484366842137526,-0.0219787436462201,-0.004464396426453816,-0.017514347219766285,0.5385239777698748,0.781865,1.0252060222301251,62.246301402448026,0.4213757720557837,17.541804391000774,22.281043415822886,24.34960802468411,0.08171471984060831
2025-03-20,0.7436,0.7554,0.712,0.718,163787969.9,0.7887638313428058,0.740209357496871,46.588794713330316,-0.022051472030214625,-0.0036296998483586716,-0.018421772181855953,0.5505110456169833,0.786125,1.0217389543830167,59.94312720827266,0.35543088867891237,16.481290422400885,22.166185609133517,23.39385036166504,0.07897795413770203
2025-03-21,0.7179,0.7277,0.7006,0.7067,98166966.1,0.7855456418783822,0.7398759310541161,45.738741797927645,-0.02275857863271502,-0.0034694451606872533,-0.019289133472027768,0.5571160513032738,0.788495,1.019873948696726,58.68875482957436,0.3232445076340748,15.661884684363693,21.59615715072878,23.874036562922235,0.07527238598500191
